قابلني,-1
الاحبي,-1
القرعه,-1
المره,-1
المنحوسة,-1
الهرمه,-1
جزمه,-1
جهل,-1
اتق,-1
اتقو,-1
اتقي,-1
اتقي,-1
اتكسف دمك,-1
اتكسفدمكم,-1
اتمسح,-1
البلاط,-1
عبره,-1
اجهل,-1
احترم,-1
اخبط دماغك فالحيط,-1
اخص ,-1
ارحمني بئه,-1
ارمي,-1
اسوء ,-1
اشباه,-1
زباله,-1
اشوف,-1
المصالح,-1
سوابق ,-1
اعداء,-1
اعوذ ,-1
اقر ونزهي,-1
اقل ,-1
البالأرزق,-1
الساكتق شيطاخرس,-1
الطين بله,-1
العب,-1
العوض,-1
الحمرا,-1
الغباء,-1
القضاء علي,-1
يخرب,-1
يلعن,-1
اخزه,-1
تتشك,-1
اختاشماتو,-1
المتاجره,-1
الجحيم,-1
زوال,-1
تستحي فأفعل ماشئت,-1
 استفدت ايه,-1
 غلطان,-1
 مشروخ,-1
 هنتحر,-1
مال امك,-1
ملكيش عازه,-1
انحلال اخلاقي,-1
اهبل برياله,-1
اهدار كرامه,-1
اولالات الادب,-1
بطيخ ,-1
,-1
ايام سوده,-1
أنت انشراح,-1
ايه اللي بتقوله ده,-1
إنتقم يارب,-1
إنسمشروخ ,-1
أنت فين انشراح,-1
أي بطيخ السلام,-1
بالعند,-1
بتا,-1
بتامصلحته,-1
بتامصلحه,-1
بتلاته مليم,-1
بتلحس جزم,-1
بتلعب علي,-1
بتلقح ,-1
بتومصالح,-1
بتومصلحتكم,-1
بتومصلحتهم,-1
بتومصلحه,-1
طعم,-1
محتوي,-1
بخوته,-1
بخيبه,-1
بهدف,-1
بوكسه,-1
بلاش قرف,-1
بن المره,-1
بنت جزمه,-1
بيضحك علي,-1
بيعيد يزيد,-1
بيلحس جزم,-1
بيلقح,-1
بيئه,-1
تاعب نفسه الفاضي,-1
تأنيب ضمير,-1
تبا,-1
تجار دين,-1
تجربه مريره,-1
تحرق الدم,-1
تحرقلي دمي,-1
تحس دمها,-1
تربية شوارع,-1
تشويه السمعه,-1
تصفية حسابات,-1
تصلب الشرايين,-1
تضحك ,-1
تطلعين,-1
تطلعينها,-1
تطلعينو,-1
تعبلي اعصابي,-1
منحط,-1
تقل دم,-1
تقيل قلبي,-1
توب  رب,-1
تيجي علي,-1
تيجي حد,-1
تيجي كرامتك,-1
تيجي نفسك,-1
اخره,-1
ضلفها,-1
ورا,-1
جاتنا نيله حظنا الهباب ,-1
جت دي,-1
جتك القرف,-1
جتك نيله,-1
جتكم القرف,-1
جتكم نيله,-1
جتكالقرف,-1
جتكنيله,-1
جتنا نيله,-1
جتنك خيبه,-1
جتنكم خيبه,-1
جتني خيبه,-1
جتها نيله,-1
جمهوريه الموز,-1
جن جنونه,-1
جن جنونها,-1
جنرسمي,-1
جنون العظمة,-1
جيت الجرح,-1
تجنن,-1
تعل,-1
تكسف,-1
غلط,-1
حافظ,-1
حرام,-1
حرقلي دمي,-1
حسبنا,-1
حسبنا ونعم الوكيل,-1
حموت بغيظي,-1
خطأ فادح,-1
خطوات كبيره للوراء,-1
خيال مآته,-1
خيبه أمل,-1
داهيه تاخدك,-1
دم تقيل,-1
دمه تقيل,-1
دمها تقيل,-1
دمهم تقيل,-1
دموتماسيح ,-1
آخره,-1
تماتش,-1
مستواكم,-1
دهيه تاخدك,-1
دون المستوى,-1
ذمتك استك,-1
ذمتكم استك,-1
ذمته استك,-1
اخطبوط,-1
ياخدك,-1
يخد,-1
يخدك,-1
يخدكم,-1
يخده,-1
يهده,-1
يهدي,-1
يهديك,-1
شمال,-1
رنوه علقه,-1
ريبورت سبام,-1
النيله,-1
ستين نيله,-1
سد نفسي,-1
سعر مجنون,-1
سعر مرتفع,-1
سفك الدماء,-1
سليط اللسان,-1
سوء الاداره,-1
سوء التصرف,-1
سوء الحظ,-1
سوء السلوك,-1
سوء السمعه,-1
سوء الفهم,-1
سوء سلوك,-1
سوء فهم,-1
سيء السمعه,-1
شايل,-1
شر البليه,-1
ضحك ,-1
ضرب الجزم,-1
ضرب تحت الحزام,-1
ضربه قفاه,-1
ضمايرها ماتت,-1
ضمايرهم ماتت,-1
ضميرها ميت,-1
ضيعت وقتي,-1
طابور خامس,-1
طامه كبري,-1
طب بالذمه,-1
طلعين,-1
طلععين,-1
طويل اللسان,-1
الفاضي,-1
عار عليك ,-1
عار عليكم,-1
عامل فيها,-1
عامل نفسه من بنها,-1
عبره لغيرك,-1
عبره لغيره,-1
عبره لغيرهم,-1
عبره,-1
عزبه ابوهم,-1
عقاب رادع,-1
عقالخواجه,-1
الحركرك,-1
جثتنا,-1
جثتي,-1
راسه بطحه,-1
راسه ريشه,-1
عينك تاجر,-1
قلبه مراوح,-1
عليه العوض,-1
عوضنا,-1
غصب,-1
غطيني صوتي,-1
غطيني وصوتي,-1
غلطه عمري,-1
فاكر نفسه ايه,-1
فرخه دايخه,-1
الاحلام,-1
المشمش,-1
نص هدومه,-1
قلب المواجع,-1
قلب علالمواجع,-1
قلب عليكم المواجع,-1
قلب  المواجع,-1
قلبك حجر,-1
قلبكم حجر,-1
قلبي اتحرق,-1
قلبي وجعني,-1
قلشت منك,-1
قله ,-1
حجر,-1
قليل,-1
كابس,-1
كرسي الكلوب,-1
فارغ ,-1
فاضي,-1
تتربي,-1
يتربي,-1
لاضمير,-1
لاعقلانيه,-1
لايمثلني,-1
لبس الحيطه,-1
لبست الحيطه,-1
لبسنا الحيطه,-1
لتقل خيرا التصمت,-1
لعنه الله ,-1
لف ودوران,-1
لقح ,-1
ليه كده,-1
ليه تري هل تري,-1
ليه يعني,-1
ليهم عين,-1
أغلظك,-1
هذا,-1
يصحش,-1
تشرح,1
حلوه,1
حب كتير,1
حبياب قلبي,1
حبيب قلبي,1
حبيبه قلبي,1
حج مبرور,1
حجر الأساس,1
حر طليق,1
حسن السمعه,1
حسن نيه,1
حضن كبير,1
حفظه الله,1
حقك عليا,1
حمد الله السلامه ,1
حمد الله السلامه ,1
حمد الله سلامتك ,1
حمد الله سلامتكم ,1
حموت من الضحك,1
حياه قلبي,1
خلق عالي,1
خلق نبيل,1
ذكريات جميله,1
ذوقك عالي,1
راحه البال,1
راضي عن,1
راضي عنك,1
رافراسنا,1
رب العرش العظيم,1
ربك كريم,1
يحرمني,1
معاك,1
معاكم,1
نفخ صورته,1
يبارك,1
يباركلك,1
يحمي,1
يحميك,1
يديم المحبه,1
يزيد,1
يزيد ويبارك,1
يزيدك,1
يسعدك,1
يفتح عليك,1
يفتح عليه,1
يكتر من,1
يكثر من,1
العسل,1
القمر,1
زياالخير خيرين,1
ساغانم,1
سرعه بديهه,1
سعة الرزق,1
سعي مشكور,1
سكينة الروح,1
سلام نفسي,1
سايدك,1
سمن عسل,1
سميالدعاء,1
سنه حلوه,1
سنه سعيده,1
سهل المنال,1
سوبر ستار,1
سوبر لايك,1
سوبرستار,1
سوبرلايك,1
عيد سعيد,1
عيد مبارك,1
عيد ميلاد مجيد,1
عين العقل,1
عينيه مليانه,1
حياتي,1
متحيز,1
فاعل خير,1
فتح الله عليك,1
فرصه سعيده,1
فلقه القمر,1
فوق الخيال,1
فوق الشبهات,1
الصميم,1
تحسن,1
حفظ الله,1
قلبي,1
قد المسئولية,1
اطعم,1
الذ,1
السما,1
حسن ,1
عنيا,1
نجاح لنجاح,1
منصور باذن الله,1
موفق بأذن الله,1
موفقين بأذن الله,1
ميه ميه,1
نجاح,1
نضف,1
نعتز,1
نور عيني,1
هدوء,1
ههنيئا,1
الخير,1
اصول,1
بختك,1
بختكم,1
بخته,1
حياتي,1
غالي,1
مشرفنا,1
كريم,1
نجم,1
مشرفنا,1
الفرح,1
يتحقق الحلم,1
يجبر بخاطرك,1
يجبر بخاطركم,1
يحقق,1
حلاوتك,1
خير,1
يسعد ايامك,1
يسعد ايامكم,1
يسعد مساك,1
يسعد,1
يسلم,1
يسلم,1
انتباهي,1
يشرح البال,1
يشرح الصدر,1
يشرح القلب,1
يصلح الحال,1
يعطيك العافيه,1
يفرح قلبك ,1
يفوق,1
حافل,1
للتاريخ,1
 انتقام,-1
 خازوق,-1
 قطيع,-1
اباحه,-1
اباحي,-1
اباحيه,-1
اباد,-1
ابادتم,-1
ابالس,-1
ابالسه,-1
ابتزاز,-1
ابتزيتم,-1
ابتلاء,-1
ابشع,-1
ابضن,-1
ابله,-1
الحيوان,-1
الزانيه,-1
الشرموطه,-1
الكلب,-1
اللبوه,-1
المتناكه,-1
الوسخه,-1
سلول,-1
موزه,-1
وسخه,-1
وشين,-1
ابوجهل,-1
ابيتم,-1
ابيح,-1
اتألش,-1
اتأمص,-1
اتبهدل,-1
اتبهدلت,-1
اتبهدلتم,-1
اتجنن,-1
اتجننتم,-1
اتحاكم,-1
اتحبس,-1
اتحبست,-1
اتحبستم,-1
اتحنطر,-1
اتخانق,-1
اتخدعت,-1
اتخدعتم,-1
اتخرستم,-1
اتخمد,-1
اتخمدتم,-1
اتخميت,-1
اتخميتم,-1
اتخنقت,-1
اتخنقتم,-1
اتدبحت,-1
اتدبحتم,-1
اتذل,-1
اتذليتم,-1
اترحل,-1
اترمت,-1
اتريق,-1
اتسجنت,-1
اتسجنتم,-1
اتسحبت,-1
اتسحل,-1
اتسحلت,-1
اتسحلتم,-1
اتسرق,-1
اتسرقت,-1
اتسول,-1
اتشألط ,-1
اتشتم,-1
اتشحور,-1
اتشطف,-1
اتصدم,-1
اتضربوا,-1
اتظلم,-1
اتعذب,-1
اتعذبت,-1
اتعرت,-1
اتعروا,-1
اتعري,-1
اتعس,-1
اتغلب,-1
اتغمس,-1
اتف,-1
اتفرتك,-1
اتفشخ,-1
اتفقست,-1
اتفو,-1
اتقتل,-1
اتقتلوا,-1
اتقمص,-1
اتقهر,-1
اتكبس ,-1
اتكبستم,-1
اتكتم,-1
اتكسرت,-1
اتكسف,-1
اتلم,-1
اتلموا,-1
اتلمي,-1
اتلهي,-1
اتمرمط,-1
اتمرمطت ,-1
اتنيل,-1
اتهانت,-1
اتهبل,-1
اتهبلت,-1
اتهبلتم,-1
اتهد,-1
اتهزأت,-1
اتهزم,-1
اتهمت,-1
اتهمته,-1
اتهمو,-1
اتورط,-1
اتورطتم,-1
اتورطنا,-1
اتوكس,-1
اجبار,-1
اجبرتك,-1
اجبرك,-1
اجبن,-1
اجرام,-1
اجريسف,-1
اجلد,-1
اجهاض,-1
اجهض,-1
اجهل,-1
احا,-1
احباط,-1
احبسو,-1
احبطو,-1
احتجاج,-1
احتجاجيه,-1
احتجاز,-1
احتشاد,-1
احتقار,-1
احتقان,-1
احتقر,-1
احتقرك,-1
احتكار,-1
احتل,-1
احتلال,-1
احتلت,-1
احتيال,-1
احذر,-1
احراقها,-1
احرق,-1
احرمونا,-1
احسنلك,-1
احقر,-1
احلف,-1
احه,-1
احيه,-1
اختطاف,-1
اختطفتم,-1
اختفت,-1
اختلاس,-1
اختلاف,-1
اختناق,-1
اختنق,-1
اخرس,-1
اخرسو,-1
اخرص,-1
اخس,-1
اخسر,-1
اخسئ,-1
اخشي,-1
اخص,-1
اخطا,-1
اخطاء,-1
اخطاؤ,-1
اخطاؤه,-1
اخطائ,-1
اخطر,-1
اخن,-1
اخالقحبه,-1
اخواني,-1
ادعاء,-1
ادغال,-1
ادمان,-1
اذلف,-1
اذي,-1
اراجوز,-1
ارتباك,-1
ارتبك,-1
ارتبكت ,-1
ارحل,-1
ارحم,-1
ارحمنا,-1
ارحمني,-1
ارحمونا,-1
ارحموني ,-1
ارخم,-1
اردح,-1
ارزل,-1
ارعن,-1
ارف,-1
ارفت,-1
ارفض,-1
ارهاب,-1
ارهابي,-1
ارهابيين,-1
ارهاق,-1
ارهقتني,-1
ازدراء,-1
ازعاج,-1
ازعر,-1
ازمات,-1
ازمه,-1
اساء,-1
اساءه,-1
استبحس,-1
استبداد,-1
استبدادي,-1
استبعاد,-1
استحل,-1
استحوا ,-1
استحواذ,-1
استخفاف,-1
استرخصوك,-1
استظراف,-1
استعباد,-1
استعباط,-1
استعمار,-1
استغباء,-1
استغفلو,-1
استغل,-1
استغلال,-1
استغلالي,-1
استفزاز,-1
استفزازيه,-1
استفزتني,-1
استفزني,-1
استكراد,-1
استنزاف,-1
استنطاع,-1
استنكر,-1
استهان,-1
استهانه,-1
استهبال,-1
استهبل,-1
استهتار,-1
استهزاء,-1
استهزائك,-1
استياء,-1
استيلاء,-1
اسراف,-1
اسف,-1
اسفاف,-1
اسفخص,-1
اسفي,-1
اسقاط,-1
اسقط,-1
اسكت,-1
اسوء,-1
اسوا,-1
اسيادك,-1
اشاع,-1
اشتباك,-1
اشتعال,-1
اشتغال,-1
اشتم,-1
اشتمك,-1
اشتمو,-1
اشكالكو,-1
اشمازاز,-1
اشمئزاز,-1
اشمئزازي,-1
اصابه,-1
اصطناع,-1
اصعب,-1
اصفخص,-1
اصمت,-1
اصنام,-1
اصيب,-1
اضراب,-1
اضرب,-1
اضربو,-1
اضطراب,-1
اضطهاد,-1
اضطهد,-1
اضمحلال,-1
اطاح,-1
اطرد,-1
اطرشيت,-1
اطماع,-1
اعاتب ,-1
اعاتبك,-1
اعاتبكم,-1
اعاصير,-1
اعتباط,-1
اعتداء,-1
اعتراض,-1
اعترض,-1
اعتصام,-1
اعتصم,-1
اعتصمت,-1
اعتقال,-1
اعتقل,-1
اعدام,-1
اعدمو,-1
اعذار,-1
اعريك,-1
اعمي,-1
اعور,-1
اعيل,-1
اغباء,-1
اغبي,-1
اغبيا,-1
اغبياء,-1
اغبيه,-1
اغتال,-1
اغتصاب,-1
اغتصب,-1
اغتصبو,-1
اغتيال,-1
اغضب,-1
افاق ,-1
افاك,-1
افتر,-1
افترا,-1
افتراء,-1
افتري,-1
افتعال,-1
افرم,-1
افساد,-1
افسد,-1
افسدت,-1
افشل,-1
افضحو,-1
افلاس,-1
افلس,-1
اقبح,-1
اقتحام,-1
اقتحم,-1
اقذر,-1
اقصاء,-1
اقهرك,-1
اكاذيب,-1
اكتئاب,-1
اكدب,-1
اكذب,-1
اكذوبه,-1
اكره,-1
اكفر,-1
الافتراء,-1
الاقنعه,-1
الانحدار,-1
البلاا,-1
التشاؤم,-1
التعالي ,-1
التعريص ,-1
التفاهه,-1
التواطؤ,-1
التييت,-1
الجفاف,-1
الحاد,-1
الحافي,-1
الرداءه,-1
الركاكه,-1
الزواني,-1
الطم ,-1
العن,-1
العند,-1
الفران,-1
الم,-1
المحلسه,-1
المخانيث,-1
المخلوع,-1
المر,-1
المنظرة,-1
النحس,-1
النصيبه,-1
الواسطه,-1
امثل,-1
امعه,-1
امكو,-1
امنجي,-1
اموت,-1
زعلان,-1
ماحب,-1
ني,-1
نيتك,-1
انبش,-1
انتحار,-1
انتحر,-1
انتحرت,-1
انتش,-1
انتقاد,-1
انتقاض,-1
انتقد,-1
انتقم,-1
انتكاس,-1
انتهاز,-1
انتهازي,-1
انتهاك,-1
انتهكت,-1
انتهي,-1
انجاس,-1
انجرح,-1
انجرحت,-1
انجز,-1
انجس,-1
انحدار,-1
انحدرت,-1
انحراف ,-1
انحطاط,-1
انحلال,-1
اندال,-1
اندل,-1
اندم ,-1
انسحب,-1
انسرق,-1
انشغال,-1
انضرب,-1
انظلم,-1
انفريند,-1
انفصال,-1
انفصام,-1
انفعل,-1
انفلات,-1
انقاض,-1
انقسام,-1
انقطاع,-1
انقلاب,-1
انكار,-1
انكشفت,-1
انهبلت,-1
انهزامي,-1
انهيار,-1
انيل,-1
اهاجم,-1
اهانه,-1
اهانو,-1
اهبل,-1
اهدار,-1
اهدارا,-1
اهطل,-1
اهمال,-1
اهمد,-1
اوباش,-1
اوبئه,-1
اوساخ,-1
اوسخ,-1
اوع,-1
اوعا,-1
اوعوا,-1
اوفر,-1
الوسخه,-1
اولعلكم ,-1
اومك,-1
اونطجي,-1
اونطه,-1
اياكم,-1
ايدز,-1
ايذائ,-1
ايذائه,-1
ايهالجديد,-1
ايهانه,-1
إذلال,-1
إيذاء,-1
أبغض,-1
أخفق,-1
أخفقت ,-1
أسائت ,-1
ألاعيب,-1
باحتقرك,-1
بارد,-1
باطل,-1
باظ,-1
باظت,-1
باع,-1
باعو,-1
باكابورت,-1
بالدرا,-1
بالعافيه ,-1
بانجو,-1
باهظ,-1
بايخ,-1
بايظ,-1
بائد,-1
بائس,-1
بتاكلك,-1
بتبجح,-1
بضان,-1
بتبلطج,-1
بتبهدل,-1
بتبوظ,-1
بتتبلا,-1
بتتحرق,-1
بتترعبو,-1
بتتساخف,-1
بتتسحل,-1
بتتسرق,-1
بتتشتم,-1
بتتشطر,-1
بتتضرب,-1
بتتظاهر,-1
بتتفقع,-1
بتتكسر,-1
بتتناك,-1
بتتهدم,-1
بتجوع,-1
بتحرض,-1
بتحشش,-1
بتخاف,-1
بتخر,-1
بتخرب,-1
بتخون,-1
بتذل,-1
بتريل,-1
بتزعق,-1
بتستظرف,-1
بتستعدي,-1
بتستفزني,-1
بتستهبلو,-1
بتشتم,-1
بتشتمو,-1
بتصرخ,-1
بتضايقك,-1
بتضرب,-1
بتضيع,-1
بتعاير,-1
بتغابي,-1
بتقل,-1
بتقهر,-1
بتكدب,-1
بتكره,-1
بتموت,-1
بتنجس,-1
بتهاجم,-1
بتهاجمك,-1
بتهرتل,-1
بتهيج,-1
بتوجع,-1
بتولع,-1
بثر,-1
بجاحتك,-1
بجاحه,-1
بجح,-1
بجحه,-1
بجم,-1
بجهل,-1
بحجه,-1
بحزرك,-1
بخبث,-1
بخيل,-1
بدانه,-1
بدعه,-1
بدمار,-1
بدين,-1
بذاء,-1
بذائه,-1
بذمتك,-1
بذمتكو,-1
بذيء,-1
بذيئ,-1
بذئ,-1
برجوازي,-1
بردعه,-1
برسيم,-1
برشم,-1
برطع,-1
برطعو,-1
برطوش,-1
برياله,-1
بزمتك,-1
بسب,-1
بسباب,-1
بستغرب,-1
بشاعه,-1
بشتم,-1
بشتيمتك,-1
بشع,-1
بض,-1
بضن,-1
بضيع,-1
بطاله,-1
بطش,-1
بطئ,-1
بظرميط,-1
بظلمك,-1
بعبع,-1
بعزق,-1
بعيب,-1
بعيط,-1
بغال,-1
بغباؤه,-1
بغدر,-1
بغضا,-1
بغل,-1
بغيض,-1
بغيظ,-1
بغيظكم,-1
بفتات,-1
بق,-1
بقتلو,-1
بقر,-1
بكاء,-1
بكرهك,-1
بكي,-1
بكيتك ,-1
بلاء,-1
بلاغ,-1
بلاغات,-1
بلالا,-1
بلاهه,-1
بلاوي,-1
بلط,-1
بلطج,-1
بلطجه,-1
بلطجي,-1
بلطجيه,-1
بلع,-1
بلهاء,-1
بلوك,-1
بلوم,-1
بليد,-1
بمراره,-1
المتناكه,-1
بنتريق,-1
بنتسحل,-1
كلب,-1
بنتعر,-1
بنحرق,-1
بنخاف,-1
بندمر,-1
بنركبك,-1
بنزيف,-1
بنشتم,-1
بنضرب,-1
بنعاير,-1
بنعقد,-1
بنفضح,-1
بنكذب,-1
بنكرهك,-1
بننتقض,-1
بننسي,-1
بهاايم,-1
بهايم,-1
بهائم,-1
بهتان,-1
بهت,-1
بهدل,-1
بهدلتو,-1
بهدلتوهم,-1
بهدله,-1
بهرجه,-1
بهوس,-1
بهيم,-1
بهيمه,-1
بواختك,-1
بوذ,-1
بوشين,-1
بوظ,-1
بوظتم,-1
بؤس,-1
بؤساء,-1
بيتجنن,-1
بيتروق,-1
بيتريق,-1
بيتريق,-1
بيتشتم,-1
بيتشطف,-1
بيتظاهروا,-1
بيتعاط,-1
بيتعصب,-1
بيتعل,-1
بيتقتل,-1
بيتنطط,-1
بيتنك,-1
بيتهبل,-1
بيحبسهم,-1
بيحبط,-1
بيحبطن,-1
بيحتل,-1
بيحذرو,-1
بيحرض,-1
بيحشش,-1
بيخطفو,-1
بيخطئ,-1
بيردوش,-1
بيروقراطيه,-1
بيزعق,-1
بيستعدي,-1
بيستغل,-1
بيستفزني,-1
بيستهبل,-1
بيستهبلو,-1
بيشتم ,-1
بيشتمك,-1
بيشتموك,-1
بيشمت,-1
بيصيع,-1
بيصيعو,-1
بيضربو,-1
بيطرش,-1
بيظبط,-1
بيعاير,-1
بيعيط,-1
بيغظ,-1
بيغلط,-1
بيفرق,-1
بيقبض,-1
بيقبضو,-1
بيقبضوك,-1
بيقهر,-1
بيكابر,-1
بيكاكي,-1
بيكدب,-1
بيكذب,-1
بيلطش,-1
بيموتو,-1
بيموتوا,-1
بيناضل,-1
بينتحل,-1
بينداس,-1
بيهبلو,-1
بيهجص,-1
بيهدد,-1
بيهرب,-1
بيهرتل,-1
بيهري,-1
بيهش,-1
بيهفلت,-1
بيهلفط,-1
بيهيج,-1
تافه,-1
تافهه,-1
تاكلك,-1
تايه,-1
تايهه,-1
تأذي,-1
تأنيب,-1
تبا,-1
تباطؤ,-1
تبتئس,-1
تبجح,-1
تبضن,-1
تبطل,-1
تبك,-1
تبكي,-1
تبلد,-1
تبيح,-1
تتأمص,-1
تتبعزق,-1
تتجاهل,-1
تتحبس,-1
تتحبسوا,-1
تتحرق,-1
تتحسر,-1
تتحشر,-1
تتخاذل,-1
تتخاصم,-1
تتخرس,-1
تتخزوق,-1
تتخض,-1
تتخطف,-1
تتراجع,-1
تترحم,-1
تتردد,-1
تتروق,-1
تتريق,-1
تتسجن,-1
تتسحل,-1
تتسلح,-1
تتسول,-1
تتشتم,-1
تتشرد,-1
تتشل,-1
تتشلح,-1
تتشملل,-1
تتصاب,-1
تتطاول,-1
تتظاهر,-1
تتظاهرون,-1
تتظلم,-1
تتعارض,-1
تتعاطوها,-1
تتعجرف,-1
تتعدم,-1
تتعذب,-1
تتعر,-1
تتعرض,-1
تتعظوا,-1
تتعقب,-1
تتعمي,-1
تتفرس,-1
تتفشخ,-1
تتقاعدوا,-1
تتقبض,-1
تتقتلو,-1
تتقمص,-1
تتكتم,-1
تتكسح,-1
تتكسف,-1
تتلسع,-1
تتلم,-1
تتمسح,-1
تتمسخر,-1
تتناك,-1
تتنح,-1
تتنفخ,-1
تتنكر,-1
تتنيل,-1
تتهان,-1
تتهد,-1
تتهدد,-1
تتهم,-1
تتهومنا,-1
تتواطا,-1
تتورطوا,-1
تتوكس,-1
تجادل,-1
تجاهل,-1
تجبر,-1
تجرح,-1
تجرعت,-1
تجرو,-1
تجريح,-1
تجريم,-1
تجسس,-1
تجهض,-1
تجوع,-1
تجويع,-1
تحارب,-1
تحاسب,-1
تحاصر,-1
تحاكمك,-1
تحايل,-1
تحبس,-1
تحبط,-1
تحتج,-1
تحترق,-1
تحتقر,-1
تحذر,-1
تحذير,-1
تحرش,-1
تحرق,-1
تحرم,-1
تحرمنا,-1
تحرمو,-1
تحريض,-1
تحريضك,-1
تحزن,-1
تحسد,-1
تحسس,-1
تحسسو,-1
تحشر,-1
تحشيش,-1
تحطم,-1
تحقتر,-1
تحقير,-1
تحك,-1
تخاذل,-1
تخاريف,-1
تخازل,-1
تخاف,-1
تخبط,-1
تخترق,-1
تختلفي,-1
تخجل,-1
تخدر,-1
تخدع,-1
تخدك,-1
تخذلكم,-1
تخرب,-1
تخرس,-1
تخرص,-1
تخريب,-1
تخريف,-1
تخزي,-1
تخسر,-1
تخشي,-1
تخض,-1
تخطء,-1
تخطيء,-1
تخطئ,-1
تخلصكم,-1
تخلف,-1
تخوف,-1
تخون,-1
تخونو,-1
تخويف,-1
تخوين,-1
تخيف,-1
تخين,-1
تدافع,-1
تدبحو,-1
تدلس,-1
تدليس,-1
تدمر,-1
تدمير,-1
تدني,-1
تدهور,-1
تدهورت,-1
تذبح,-1
تذمر,-1
تراجع,-1
تراشق,-1
تراق,-1
ترامادول,-1
تربوك,-1
تربيك,-1
ترتبك,-1
ترتجف,-1
ترعب,-1
ترفض,-1
تركبك,-1
تركيع,-1
ترمادول,-1
ترموك,-1
ترن,-1
ترهيب,-1
تريقه,-1
تزرط,-1
تزعل,-1
تزعلك,-1
تزعلو,-1
تزلزل,-1
تزهق,-1
تزوغ,-1
تزوير,-1
تزيط,-1
تزييف,-1
تسب,-1
تستاهلوا,-1
تستبيحو,-1
تستخف,-1
تستدرج,-1
تستسلم,-1
تستغل,-1
تستغيث,-1
تستفز,-1
تستنجد,-1
تستنزف,-1
تستنكرون,-1
تستهبل,-1
تستهبلوش,-1
تستهزء,-1
تسجن,-1
تسجنو,-1
تسخر,-1
تسخن,-1
تسرق,-1
تسرقو,-1
تسريب,-1
تسفك,-1
تسفل,-1
تسقط,-1
تسقطو,-1
تسكت,-1
تسلط,-1
تسليح,-1
تسليط,-1
تسول,-1
تسويس,-1
تسيئ,-1
تشاؤم,-1
تشتت,-1
تشتكون,-1
تشتم,-1
تشتمو,-1
تشتموك,-1
تشتيت,-1
تشجب,-1
تشخير,-1
تشدد,-1
تشرذم,-1
تشعل,-1
تشكم,-1
تشل,-1
تشنج,-1
تشوه,-1
تشوهو,-1
تشويش,-1
تشويه,-1
تشويهه,-1
تصاب,-1
تصادم,-1
تصتدم,-1
تصرخ,-1
تصعيد,-1
تصفيه,-1
تصلب,-1
تصمت,-1
تصيح,-1
تضر,-1
تضرب,-1
تضربك,-1
تضعف,-1
تضل,-1
تضللو,-1
تضليل,-1
تضيع,-1
تضييع,-1
تطاول,-1
تطبيل,-1
تطرف,-1
تطغ,-1
تطغي,-1
تطفش,-1
تطفل,-1
تطنيش,-1
تظاهر,-1
تظلم,-1
تعارض,-1
تعاسه,-1
تعاقب,-1
تعاقبك,-1
تعاقبكم,-1
تعاقبه,-1
تعب,-1
تعبان,-1
تعبت,-1
تعبك,-1
تعبني,-1
تعتدوا,-1
تعترض,-1
تعتقل,-1
تعتقلو,-1
تعتيم,-1
تعجرف,-1
تعجيز,-1
تعدم,-1
تعدمه,-1
تعدي,-1
تعدياً,-1
تعذب,-1
تعذبو,-1
تعذيب,-1
تعر,-1
تعرص,-1
تعري,-1
تعريس,-1
تعريص,-1
تعريك,-1
تعريه,-1
تعزل,-1
تعزلوا,-1
تعسر,-1
تعسف,-1
تعصب,-1
تعصي,-1
تعط,-1
تعطيل,-1
تعفن,-1
تعكر,-1
تعل,-1
تعنت,-1
تعور,-1
تعورو,-1
تعورين,-1
تعيط,-1
تغتصب,-1
تغرق,-1
تغش,-1
تغصبن,-1
تغضب,-1
تغلط,-1
تغللط,-1
تغور,-1
تغيب,-1
تغيظ,-1
تغيظني,-1
تف,-1
تفاهه,-1
تفتت,-1
تفتر,-1
تفتقد,-1
تفتن,-1
تفتي,-1
تفتيت,-1
تفجير,-1
تفر,-1
تفرس,-1
تفرفر,-1
تفرقه,-1
تفريق,-1
تفز,-1
تفسد,-1
تفشخ,-1
تفشخك,-1
تفشل,-1
تفضح,-1
تفضحك,-1
تفلس,-1
تفو,-1
تفوقوا,-1
تقاضي,-1
تقاعس,-1
تقاعص,-1
تقاوم,-1
تقبض,-1
تقتحم,-1
تقتص,-1
تقتل,-1
تقتلك,-1
تقتلو,-1
تقرصيهم,-1
تقرف,-1
تقريص,-1
تقصر,-1
تقصير,-1
تقضي,-1
تقع,-1
تقل,-1
تقلعوك,-1
تقليدي,-1
تقليل,-1
تقهر,-1
تقيل,-1
تكاسل ,-1
تكتم,-1
تكدب,-1
تكدس,-1
تكذب,-1
تكذبو,-1
تكذبوا,-1
تكذيب,-1
تكره,-1
تكرهك,-1
تكسر,-1
تكسرو,-1
تكسف,-1
تكسير,-1
تكشف,-1
تكفر,-1
تكفيري,-1
تكلك,-1
تكميم,-1
تكوش,-1
تلاعب,-1
تلجمك,-1
تلديس,-1
تلزقو,-1
تلطخ,-1
تلطش,-1
تلطم,-1
تلعن,-1
تلعنك,-1
تلغي,-1
تلفيق,-1
تلقن,-1
تلم,-1
تلميح,-1
تلوث,-1
تليف,-1
تماطل,-1
تمثيل,-1
تمرد,-1
تمسخرك,-1
تمكر,-1
تملق,-1
تمنع,-1
تموت,-1
تمويه,-1
تنافق,-1
تناقض,-1
تنبح,-1
تنتحر,-1
تنتحل,-1
تنتقد,-1
تنتقم,-1
تنتن,-1
تنتنيل,-1
تنح,-1
تنحني,-1
تنخرس,-1
تندد,-1
تندم,-1
تنديد,-1
تنرفز,-1
تنزع,-1
تنزف,-1
تنس,-1
تنسا,-1
تنسحب,-1
تنسو,-1
تنضرب,-1
تنفخ,-1
تنفضح,-1
تنقط,-1
تنكر,-1
تنكران,-1
تنكرها,-1
تنهب,-1
تنهبو,-1
تنهزم,-1
تنهش,-1
تنيكك,-1
تنييكك,-1
تهاجم,-1
تهان,-1
تهتك,-1
تهد,-1
تهدد,-1
تهدر,-1
تهدم,-1
تهديد,-1
تهرب,-1
تهرتل,-1
تهريب,-1
تهريج,-1
تهزء,-1
تهزيء,-1
تهزيق,-1
تهزئ,-1
تهش,-1
تهكم,-1
تهمل,-1
تهمه,-1
تهميش,-1
تهور,-1
تهيج,-1
تهين,-1
تهييس,-1
تهييص,-1
تواطء,-1
تواطؤ,-1
توتر,-1
توجع,-1
تورط,-1
توري,-1
توريط,-1
تولع,-1
تولعو,-1
تولول,-1
توليع,-1
تؤجل,-1
تؤسفن,-1
تيستفزك,-1
ثعلب,-1
جابتورا,-1
جازم,-1
جاسوس,-1
جاموس,-1
جاموسه,-1
جاهل,-1
جايف,-1
جائر,-1
جبابر,-1
جبان,-1
جبروت,-1
جبن,-1
جبنك,-1
جثث,-1
جثمان,-1
جثه,-1
جحش,-1
جحلوط,-1
جحود,-1
جحيم,-1
جدل,-1
جذم,-1
جذمه,-1
جربوع,-1
جرحتم,-1
جرف,-1
جريمه,-1
جزم,-1
جزمه,-1
جشع,-1
جعان,-1
جفاء,-1
جلاد,-1
جلط,-1
جلطه,-1
جمود,-1
جموس,-1
جنايه,-1
جنائي,-1
جنحه,-1
جنس,-1
جنن,-1
جننتو,-1
جننو,-1
جهال,-1
جهل,-1
جهله,-1
جهنم,-1
جهيل,-1
جواسيس,-1
جيص,-1
حابس,-1
حاد,-1
حارب,-1
حازق,-1
حاسد,-1
حاصر,-1
حاقد,-1
حانتحر,-1
حائر,-1
حبرطع,-1
حبس,-1
حبسجي,-1
حبط,-1
حبيس,-1
حتتفشخ,-1
حتضييع,-1
حتعتقلو,-1
حثاله,-1
حذاري,-1
حذر,-1
حراسه,-1
حرام,-1
حرامي,-1
حران,-1
حرب,-1
حرباً,-1
حرج,-1
حرض,-1
حرف,-1
حرق,-1
حرمنا ,-1
حريق,-1
حزر,-1
حزن,-1
حزنك,-1
حزومبل,-1
حزين,-1
حسد,-1
حسره,-1
حسود,-1
حسوود,-1
حش,-1
حشاش,-1
حشر,-1
حشره,-1
حشري,-1
حشش,-1
حشيش,-1
حشيشه,-1
حصار,-1
حطم,-1
حظر,-1
حقاره,-1
حقد,-1
حقدك,-1
حقر,-1
حقود,-1
حقودي,-1
حقير,-1
حلوف ,-1
حمار,-1
حماقتك,-1
حماقه,-1
حمرا,-1
حنخلص,-1
حنضيع,-1
حنموت,-1
حوادث,-1
حوست,-1
حيتخلع,-1
حيدمر,-1
حيضيع,-1
حيل,-1
حيموت,-1
حيوان,-1
خاب,-1
خابور,-1
خادع,-1
خارب,-1
خاسر,-1
خاصم,-1
خاطف,-1
خاطئ,-1
خاف,-1
خافوا الله ,-1
خالف,-1
خالفتوا,-1
خان,-1
خانع,-1
خانو,-1
خايب,-1
خايف,-1
خاين,-1
خائب,-1
خائف,-1
خائن,-1
خائنو,-1
خبتكو,-1
خبث,-1
خبط,-1
خبطت,-1
خبؤ,-1
خبيت,-1
خبيث,-1
خداع,-1
خدر,-1
خدع,-1
خذل,-1
خرا,-1
خراب,-1
خرار,-1
خراف,-1
خرافه,-1
خرب,-1
خربان,-1
خربت,-1
خربتو,-1
خربو,-1
خربوا,-1
خرس,-1
خرسان,-1
خرست,-1
خرص,-1
خرطوش,-1
خرنق,-1
خره,-1
خروف,-1
خريس,-1
خزعبل,-1
خزعبلي,-1
خزوق,-1
خزوقني,-1
خزي,-1
خسارتك,-1
خساره,-1
خساسه,-1
خسر,-1
خسرت,-1
خسرتك,-1
خسه,-1
خسيس,-1
خسئت,-1
خسئتم,-1
خصارتك,-1
خصومهم,-1
خطء,-1
خطأ,-1
خطر,-1
خطف,-1
خطوره,-1
خطير,-1
خطيرا,-1
خطيئه,-1
خطئ,-1
خلصو,-1
خلع,-1
خلل,-1
خليع,-1
خمتني,-1
خمر,-1
خمني,-1
خمورجي,-1
خنازير,-1
خناق,-1
خنتم,-1
خنزير,-1
خنق,-1
خنوع,-1
خنيث,-1
خواء,-1
خوارج,-1
خوازيق,-1
خوف,-1
خوفك,-1
خول,-1
خون,-1
خونتو,-1
خيانه,-1
خيبت,-1
خيبتك,-1
خيبه,-1
خيخا,-1
خيخه,-1
خيسه,-1
داس,-1
داعر,-1
داهيه,-1
دبح,-1
دبحتن,-1
دبلر ,-1
دجال,-1
دجل,-1
دحيحه,-1
دعاره,-1
دعاوي,-1
دعس,-1
دكتاتور,-1
دكه,-1
دلدول,-1
دمار,-1
دمائه,-1
دمر,-1
دمرتم,-1
دمع,-1
دمعا,-1
دمكم,-1
دموع,-1
دموي,-1
دناءه,-1
دنستم,-1
دني,-1
دنيء,-1
دهاء,-1
دهس,-1
دهيه,-1
دياث,-1
ديكتاتور,-1
ديوس,-1
ذباب,-1
ذبال,-1
ذبح,-1
ذبحو,-1
ذعر,-1
ذل,-1
ذليل,-1
ذنب,-1
ذئب,-1
راعبكم,-1
راقاص,-1
راكبك,-1
ربايه,-1
رجعي,-1
رجم,-1
رخاوه,-1
رخم,-1
رخمه,-1
رخيص,-1
ردح,-1
ردع,-1
رديء,-1
ردئ,-1
رذيله,-1
رزع,-1
رزل,-1
رشاش,-1
رشوه,-1
رصاص,-1
رصاصه,-1
رعاع,-1
رعب,-1
رعبا,-1
رغاي,-1
رفسه,-1
رفص,-1
رفض,-1
رقاص,-1
رقص,-1
ركب,-1
ركع,-1
ركيك,-1
ركيكه,-1
رما,-1
رمم,-1
رهيب,-1
رهينه,-1
روث,-1
روحمك,-1
روع,-1
رويبض,-1
رياء,-1
رياله,-1
زال,-1
زاني,-1
زانيه,-1
زائف,-1
زائل,-1
زباله,-1
زبانيه,-1
زبر,-1
زبي,-1
زحمه,-1
زراط,-1
زرط,-1
زعابيب,-1
زعج,-1
زعر,-1
زعق,-1
زعل,-1
زعلان,-1
زعلت,-1
زعيق,-1
زغط,-1
زفاره,-1
زفت,-1
زفتت,-1
زلازل,-1
زلزال,-1
زله,-1
زنا,-1
زنب,-1
زنبورها,-1
زندق,-1
زنديق,-1
زني,-1
زهايمر,-1
زهق,-1
زهقان,-1
زهقت,-1
زهقنا,-1
زهقو,-1
زوال,-1
زور,-1
زومبي,-1
زومبيز,-1
زياط,-1
زيط,-1
زيف,-1
ساخر,-1
ساذج,-1
سارق,-1
سارقو,-1
سازج,-1
سازجته,-1
سازجتي,-1
سافضح,-1
سافك,-1
سافل,-1
ساقط,-1
ساكت,-1
سايس,-1
سب,-1
سباب,-1
سبكو,-1
سبه,-1
سبها,-1
سبهلل,-1
سبهم,-1
سبو,-1
سبي,-1
ستحتل,-1
ستسقط,-1
ستعزله,-1
ستفتضح,-1
ستين كلب,-1
سجن,-1
سحاق,-1
سحل,-1
سحلت,-1
سحلو,-1
سحوق,-1
سخافتك,-1
سخافه,-1
سخر,-1
سخريتك,-1
سخريه,-1
سخطك,-1
سخف,-1
سخن,-1
سخيف,-1
سذاجه,-1
سذج,-1
سرسجي,-1
سرق,-1
سرقت,-1
سرقه,-1
سرقو,-1
سزاج,-1
سزاجه,-1
سطحي,-1
سطوه,-1
سعران,-1
سفاح ,-1
سفاحا,-1
سفاف,-1
سفاقه,-1
سفاله,-1
سفاهه,-1
سفسطه,-1
سفك,-1
سفل,-1
سفله,-1
سفه,-1
سفهاء,-1
سفيه,-1
سقط,-1
سقطت,-1
سقوطك,-1
سكت,-1
سكير,-1
سلب,-1
سلبي,-1
سلبيات,-1
سلبيتهم,-1
سلط,-1
سلطاء,-1
سلطانيه,-1
سلطوه,-1
سليط,-1
سم,-1
سماجة,-1
سمم,-1
سمومك,-1
سنج,-1
سنحاسب,-1
سهتان,-1
سوء,-1
سواد,-1
سوسه,-1
سوط,-1
سيء ,-1
سيس,-1
سيسقط,-1
سيقمع,-1
سيلعن,-1
سينس,-1
سيئ,-1
سيئه,-1
شاخخ,-1
شاذ,-1
شاطح,-1
شافط,-1
شباشب,-1
شبشب,-1
شت,-1
شتايم,-1
شتت,-1
شتم,-1
شتمت,-1
شتمتم,-1
شتمو,-1
شتيمه,-1
شجب,-1
شحات,-1
شخ,-1
شخر,-1
بضان,-1
شخط ,-1
شخه,-1
شدد,-1
شذوذ,-1
شر,-1
شراميط,-1
شرد,-1
شرس,-1
شرشح,-1
شرشر,-1
شرشوحه ,-1
شرمط,-1
شرموط,-1
شرير,-1
شطه,-1
شعوذه,-1
شفقه,-1
شق,-1
شقاء,-1
شك,-1
شكاوي,-1
شكك,-1
مستفز,-1
شكم,-1
شكوي,-1
شكي,-1
شل,-1
شلل,-1
شلوت,-1
شلوط,-1
شماتة ,-1
شماريخ,-1
شماشيرجي,-1
شمام,-1
شمتان,-1
شنعاء,-1
شنيع,-1
شهوات,-1
شهواتك,-1
شهواني,-1
شهوه,-1
شوخير,-1
شوشر,-1
شوم,-1
شوه,-1
شوهت,-1
شيطان,-1
شيطن,-1
شيع,-1
شيعي,-1
شيوعي,-1
صاخب,-1
صامت,-1
صايع,-1
صايعين,-1
صخب,-1
صداع,-1
صدامي,-1
صدم,-1
صراخ,-1
صراع,-1
صراعات,-1
صرخ,-1
صرصار,-1
صرع,-1
صريخ,-1
صعب,-1
صعبه,-1
صعقت,-1
صعلوك,-1
صفاقه,-1
صفع,-1
صفعه,-1
صفيق,-1
صلبو,-1
صليبي,-1
صليبيين,-1
صمت,-1
صمتا,-1
صهاينه,-1
صهيون,-1
صهيوني,-1
صيع,-1
ضاع,-1
ضاعت,-1
ضاقت,-1
ضال,-1
ضايع,-1
ضايقتني,-1
ضائع,-1
ضب,-1
ضجيج,-1
ضحاله,-1
ضحل,-1
ضد,-1
ضدك,-1
ضده,-1
ضدي,-1
ضرب,-1
ضربت,-1
ضربو,-1
ضرر,-1
ضعاف,-1
ضعف,-1
ضعفك,-1
ضعيف,-1
ضلال,-1
ضلالي,-1
ضلل,-1
ضلمه,-1
ضياع,-1
ضيع,-1
ضيق,-1
طاح,-1
طاعن,-1
طاغي,-1
طاغيه,-1
طامعين,-1
طامه,-1
طائش,-1
طائفيه,-1
طبال,-1
طبطب,-1
طبل,-1
طخين,-1
طراطير,-1
طرد,-1
طرطور,-1
طرقع,-1
طرمخ,-1
طز,-1
طظ,-1
طعان,-1
طعن,-1
طعنًا,-1
طغي,-1
طغيان,-1
طفح,-1
طفران,-1
طفش,-1
طفشتني,-1
طلاسم,-1
طلق,-1
طماع,-1
طمس,-1
طمع,-1
طناش,-1
طوبه,-1
طيز,-1
طيزك,-1
طيزه,-1
طيش,-1
طيظك,-1
ظالم,-1
ظلام,-1
ظلم,-1
ظلما,-1
ظلمه,-1
عابوك,-1
عار,-1
عارك,-1
عاركه,-1
عاصف,-1
عاطل,-1
عاق,-1
عاقب,-1
عالخيبه,-1
عالفاضي,-1
عاهر,-1
عاهرات,-1
عاهه,-1
عاويل,-1
عبث,-1
عبد السيسي,-1
عبد المرشد,-1
عبره,-1
عبط,-1
عبوكوا,-1
عبيد,-1
البياده,-1
عبيط,-1
عبيطه,-1
عتم,-1
عتوا,-1
عجاف,-1
عجب,-1
عجرفه,-1
عجز,-1
عجزهم,-1
عجل,-1
عجوز,-1
عداء,-1
عدائي,-1
عدو,-1
عدوي,-1
عذاب,-1
عذب,-1
عذبت,-1
عذبنا,-1
عذبني,-1
عذبهم,-1
عرا,-1
عربجي,-1
عرص,-1
عرقلت,-1
عره,-1
عروه,-1
عري,-1
عريان,-1
عزل,-1
عسر,-1
عسف,-1
عسير,-1
عشوائ,-1
عشوائي,-1
عشوائيه,-1
عصابه,-1
عصابي,-1
عصب,-1
عصبي,-1
عصبيه,-1
عصف,-1
عصي,-1
عصيان,-1
عصيب,-1
عطل,-1
عفريت,-1
عفن,-1
عفنت,-1
عقاب,-1
عقبه,-1
عقوق,-1
عقيم,-1
عك,-1
عكش,-1
عكيت,-1
علقه,-1
عمي,-1
عميل,-1
عناء,-1
عناد,-1
عنتري,-1
عنجهيه,-1
عنست,-1
عنسوا,-1
عنصري,-1
عنصريه,-1
عنف,-1
عنوه,-1
عنيد,-1
عنيف,-1
عنيفه,-1
عهر,-1
عور,-1
عورني ,-1
عوض,-1
عويل,-1
عياط,-1
عيب,-1
عيبًا,-1
عيط,-1
عيطت,-1
عيل,-1
غار,-1
غاشم,-1
غاضب,-1
غافل,-1
غبا,-1
غباء,-1
غباوه,-1
غباؤ,-1
غبائ,-1
غبائك,-1
غبائه,-1
غبي,-1
غبيي,-1
غتت,-1
غتيت,-1
غجر,-1
غدار,-1
غدر,-1
غدرا,-1
غرر,-1
غرق,-1
غرمان,-1
غرور,-1
غريب,-1
غريبه,-1
غريم,-1
غش,-1
غشاش,-1
غشك,-1
غصب,-1
غصبا,-1
غضب,-1
غضبك,-1
غطرسه,-1
غظته,-1
غفل,-1
غفو,-1
غل,-1
غلاستك,-1
غلاسه,-1
غلب,-1
غلبان,-1
غلس,-1
غلط,-1
غلطان,-1
غلطت,-1
غلطه,-1
غلظ,-1
غلوش,-1
غلول,-1
غليظ,-1
غم,-1
غمه,-1
غور,-1
غوغاء,-1
غوغائ,-1
غيبو,-1
غيظ,-1
غيظك,-1
غيور,-1
فاتر,-1
فاجر,-1
فاحش,-1
فاسد,-1
فاسدين,-1
فاسق,-1
فاشخ,-1
فاشل,-1
فاشي,-1
فاشيه,-1
فاضي,-1
فاضيالكو,-1
فاقت,-1
فاكس,-1
فالح,-1
فايح,-1
فبرك,-1
فتت,-1
فتن,-1
فتور,-1
فتوه,-1
فجاجه,-1
فجر,-1
فجل,-1
فجور,-1
فحش,-1
فخ,-1
فخفخ,-1
فرت,-1
فرسني,-1
فرط,-1
فرعن,-1
فرفر,-1
فرفوور,-1
فرم,-1
فريسه,-1
فساد,-1
فسادا,-1
فسد,-1
فسدت,-1
فسق,-1
فسل,-1
فسوق,-1
فشخ,-1
فشر,-1
فشل,-1
فشلت,-1
فشلتم,-1
فشله,-1
فشيخ,-1
فشيق,-1
فضح,-1
فضحت,-1
فضحتو,-1
فضيحه,-1
فظ,-1
فظاظ,-1
فقعتو,-1
فقعتوا,-1
فقعتولها,-1
فقعتوهال,-1
فقك,-1
فقير,-1
فقيع,-1
فكك,-1
فككم,-1
فكيك,-1
فلس,-1
فلقتين,-1
فلول,-1
فنجري,-1
فنكوش,-1
فوضوي,-1
فوضي,-1
فوقوا,-1
فياجرا,-1
قابض,-1
قاتل,-1
قاذورات,-1
قارف,-1
قاس,-1
قاسي,-1
قاص,-1
قاصي,-1
قاطع,-1
قاع,-1
قافش,-1
قباح,-1
قباحه,-1
قبح,-1
قبر,-1
قبض,-1
قبضت,-1
قبيح,-1
قتال,-1
قتل,-1
قتلت,-1
قتلتم,-1
قتلتو,-1
قتلو,-1
قتلي,-1
قتيل,-1
قحاب,-1
قحب,-1
قحبه,-1
قذارتك,-1
قذاره,-1
قذر,-1
قذزر,-1
قذير,-1
قرافه,-1
قرد,-1
قرده,-1
قررف,-1
قرطستك ,-1
قرف,-1
قرفان,-1
قرفت,-1
قرفو,-1
قرود,-1
قسوه,-1
قصاص,-1
قصفها,-1
قطرائيلي,-1
قطعتو,-1
قف,-1
قلش,-1
قلشت,-1
قلق,-1
قمع,-1
قمعك,-1
قنبله,-1
قنص,-1
قهر,-1
قهري,-1
قواد,-1
كابوس,-1
كاتم,-1
كادب,-1
كاذب,-1
كاذبو,-1
كاذبون,-1
كارثه,-1
كاره,-1
كازب,-1
كافر,-1
كائد,-1
كائدين,-1
كأبه,-1
كبت,-1
كبتم,-1
كبرا,-1
كتاتون,-1
كتاكيت,-1
كتاكيتو,-1
كتاويت,-1
كتف,-1
كتفو,-1
كتم,-1
كتمتم,-1
كحم,-1
كخه,-1
كداب,-1
كدب,-1
كدبتم,-1
كدبو,-1
كدس,-1
كذااب,-1
كذاب,-1
كذب,-1
كذبا,-1
كذبت,-1
كذبتم,-1
كراهيه,-1
كرب,-1
كرباج,-1
كره,-1
كرهاك,-1
كرهت,-1
كرهتك,-1
كرهناك,-1
كرهو ,-1
كرهوا,-1
كريه,-1
كريهنك,-1
كس,-1
كستك,-1
كسر,-1
كسف,-1
كسك,-1
كسم,-1
كسمك,-1
كسه,-1
كسها,-1
كسول,-1
كشر,-1
كفار,-1
كفاك,-1
كفايا,-1
كفايه,-1
كفتجي,-1
كفر,-1
كفرتم,-1
كفرتو,-1
كفرو,-1
كفن,-1
كلااب,-1
كلاب,-1
كلابا,-1
كلاكيع,-1
نجي,-1
كلب,-1
العسكر,-1
كلمانجي,-1
كلمنجي,-1
كماشه,-1
كمد,-1
كمم,-1
كمين,-1
كنود,-1
كهنوت,-1
كوابيسك,-1
كوسه,-1
كوش,-1
كوشتم,-1
كيد,-1
كئابه,-1
كئيب,-1
لايرقي,-1
لايفقه,-1
لابس,-1
لاتستحق,-1
لاذع,-1
لاسع,-1
لامبالاه,-1
لامثالك,-1
لامؤاخذه,-1
لانحب,-1
لايهمل,-1
لبستو,-1
لبوه,-1
لتصمت,-1
لتقتيل,-1
لجا,-1
لجم,-1
لحس,-1
لحوح,-1
لخبطوني,-1
لدود,-1
لذع,-1
لزق,-1
لسع,-1
لص,-1
لطش,-1
لطم,-1
لعان,-1
لعن,-1
لعنه,-1
لغط,-1
لغو,-1
لغي,-1
لفق,-1
لقن,-1
لقيط,-1
للأسف,-1
للغيظ,-1
لهب,-1
لواط,-1
لواطي,-1
لوث,-1
لوح,-1
لوطي,-1
لوطيا,-1
لئيم,-1
مابحبكيش,-1
مابستحماش,-1
مابيعرفوش,-1
مات,-1
ماتت,-1
ماترباش,-1
ماتربتيش,-1
ماتستاهل ,-1
ماتغور,-1
ماتو,-1
ماتوا,-1
ماجن,-1
ماجور,-1
مازق,-1
ماستمتعتش,-1
ماسخ,-1
ماسر,-1
ماسوني,-1
ماطل,-1
ماعندناش,-1
مافقناش,-1
مالكيش,-1
ماموص,-1
مانعرفوش,-1
مانموتك,-1
ماهذا,-1
ماواكيس,-1
ماوكوس,-1
مايصحش,-1
مايل,-1
ماينفعش,-1
مأساه,-1
مأساوي,-1
مأنتخ,-1
مبتحترميش,-1
مبتحسش,-1
مبتذل,-1
مبتذله,-1
مبتعرفش,-1
مبحبش ,-1
مبحبكش,-1
مبحبهمش,-1
مبرراتي ,-1
مبض,-1
مبنحبهاش,-1
مبنحبهمش,-1
مبنحبهوش,-1
مبهدل,-1
مبول,-1
مبيحسش,-1
مبيسترش,-1
مت,-1
متاجر,-1
متأخر,-1
متأسلم,-1
متأمر,-1
متبعبص,-1
متبلطج,-1
متتعر,-1
متجاهل,-1
متحالف,-1
متحامل,-1
متحجر,-1
متحركوش,-1
متحزم,-1
متحول,-1
متخاذل,-1
متخلف,-1
متخلفين,-1
متدهور,-1
مترب,-1
مترباش,-1
متردد,-1
متردي,-1
متستغلش,-1
متستغليش,-1
متسخ,-1
متسكتش,-1
متسكتيش,-1
متسلق,-1
متسول,-1
متشائم,-1
متشدد,-1
متشرد,-1
متشرمط,-1
متشيع,-1
متضايق,-1
متطرف,-1
متطفل,-1
متعاط,-1
متعب,-1
متعجرف,-1
متعصب,-1
متعقد,-1
متعكنن,-1
متعوس,-1
متغاظ,-1
متفجر,-1
متفحش,-1
متفرحوش,-1
متفرق,-1
متقاعس ,-1
متقطع,-1
متقطعه,-1
متقلب,-1
متكبر,-1
متكلبش,-1
متلاقيش,-1
متملق,-1
متململ,-1
متناقض,-1
متناك,-1
متناكه,-1
متنرفز,-1
متنفذش,-1
متنيل,-1
متهزروش ,-1
متهزئ,-1
متهم,-1
متهما,-1
متهوره,-1
متهيج,-1
متواطئ,-1
متوحش,-1
متيس,-1
مثلي,-1
مجاري,-1
مجبر,-1
مجبور,-1
مجحف,-1
مجحود,-1
مجرم,-1
مجروح,-1
مجزره,-1
مجنون,-1
مجهول,-1
مجوس,-1
مجون,-1
محاصر,-1
محاكمتهم,-1
محال,-1
محايله,-1
محبط,-1
محبوس,-1
محبوسه,-1
محترمتش,-1
محتكر,-1
محتل,-1
محرض,-1
محرف,-1
محروق,-1
محروقه,-1
محروم,-1
محزق,-1
محسوبيه,-1
محشش,-1
محظور,-1
محكوم,-1
محموق,-1
محن,-1
مخادع,-1
مخالف,-1
مخاوف,-1
مخب,-1
مخبول,-1
مختطف,-1
مختل,-1
مخدر,-1
مخرب,-1
مخربئه,-1
مخزي,-1
مخطيء,-1
مخطئ,-1
مخل,-1
مخله,-1
مخلوع,-1
مخمور,-1
مخنوق,-1
مخيف,-1
مداعر,-1
مدايق,-1
مدايقه,-1
مدبر,-1
مدلس,-1
مدمر,-1
مدمن,-1
مذبحه,-1
مذله,-1
مراره,-1
مراوغه,-1
مربكيش,-1
مربوطين,-1
مرتبك,-1
مرتد,-1
مرتزق,-1
مرتزقه,-1
مرض,-1
مرعب,-1
مرعوب,-1
مرفوض,-1
مرمط,-1
مروع,-1
مريض,-1
مريع,-1
مزايد,-1
مزحوم,-1
مزعج,-1
مزعل,-1
مزعلكم,-1
مزعلني,-1
مزقوق,-1
مزقوك,-1
مزور,-1
مزيف,-1
مساطيل,-1
مساوم,-1
مساومه,-1
مسبش,-1
مسـتبد,-1
مستبيع,-1
مستتره,-1
مستحمل,-1
مستحملينك,-1
مستحيل,-1
مستخب,-1
مستسلم,-1
مستغفلا,-1
مستفذ,-1
مستفز,-1
مستفزه,-1
مستكرد,-1
مستميت,-1
مستنسخ,-1
مستنقع,-1
مسجون,-1
مسجونين,-1
مسح,-1
مسخ,-1
مسخر,-1
مسخره,-1
مسرطن,-1
مسرف,-1
مسروق,-1
مسطول,-1
مسعور,-1
مسكين,-1
مسلح,-1
مسمم,-1
مسموم,-1
مسيء,-1
مسيءه,-1
مشاجره,-1
مشاكس,-1
مشاكل,-1
مشانق,-1
مشبوه,-1
مشتمش,-1
مشعوذ,-1
مشقه,-1
مشكل,-1
مشكلته,-1
مشكله,-1
مشكوك فيه,-1
مشموم,-1
مشوش,-1
مشوه,-1
مشين,-1
مصاب,-1
مصايب,-1
مصتبح,-1
مصرع,-1
مصطنع,-1
مصلحجي ,-1
مصيبه,-1
مضايق,-1
مضروب,-1
مضطرب,-1
مضلل,-1
مضيق,-1
مطبلاتي,-1
مطحون,-1
مطرود,-1
مطرودا,-1
مطعون,-1
مطمع,-1
مطوه,-1
مظالم,-1
مظلمه,-1
مظلوم,-1
معاداتك,-1
معارضه,-1
معارضيهم,-1
معاقبة ,-1
معه,-1
معاند,-1
معتد,-1
معتقل,-1
معتقلين,-1
معتقليين,-1
معتوه,-1
معجبتنيش,-1
معجبنيش,-1
معدوم,-1
معرس,-1
معرص,-1
معركه,-1
معزول,-1
معصيه,-1
معفن,-1
معفنه,-1
معقد,-1
معندهمش,-1
معوج,-1
معوق,-1
معيب,-1
مغالط,-1
مغتاب,-1
مغتصب,-1
مغرر,-1
مغرض,-1
مغرور,-1
مغشوش,-1
مغفل,-1
مغلوط,-1
مغلول,-1
مغيب,-1
مفتت,-1
مفتري,-1
مفتريه,-1
مفجوع,-1
مفرط,-1
مفسد,-1
مفشوخ,-1
مفضوح,-1
مفهمش,-1
مقاطع,-1
مقتك,-1
مقتل,-1
مقرف,-1
مقرفه,-1
مقزز,-1
مقززه,-1
مقشف,-1
مقصر,-1
مقطف,-1
مقلب,-1
مقلبظ,-1
مقموص,-1
مقهور,-1
مقيت,-1
مقيد,-1
مكبوت,-1
مكتف,-1
مكحكح ,-1
مكذوب,-1
مكر,-1
مكرو,-1
مكروب,-1
مكروه,-1
مكسل,-1
مكسوف,-1
مكشر,-1
ملاوع,-1
ملاوعه,-1
ملثم,-1
ملحد,-1
ملخبط,-1
ملزق,-1
ملط,-1
ملطش,-1
ملعوب,-1
ملعون,-1
ملل,-1
ملوث,-1
ملول,-1
مماطله,-1
ممسح,-1
ممل,-1
ممله,-1
ممول,-1
مموه,-1
مميت,-1
مناحه,-1
مناخير,-1
منافق,-1
منافقو,-1
منافقيك,-1
منافقين,-1
منايك,-1
منتحر,-1
منتفع,-1
منتقم,-1
منتهك,-1
منحرف,-1
منحس,-1
منحط,-1
منحل,-1
منحوس,-1
مندبه,-1
مندس,-1
منشق,-1
منع,-1
منعديهوش,-1
منفر,-1
منفسن,-1
منفصم,-1
منفعل,-1
منفلت,-1
منقوص,-1
منكر,-1
منهار,-1
منهوب,-1
منيل,-1
منيوك,-1
مهابيل,-1
مهاجم,-1
مهانه,-1
مهبب,-1
مهبوش,-1
مهبول,-1
مهتاج,-1
مهدر,-1
مهدود,-1
مهربه,-1
مهرج,-1
مهزء,-1
مهزا,-1
مهزله,-1
مهزوز,-1
مهك,-1
مهمش,-1
مهنج,-1
مهيس,-1
مهين,-1
موءامر,-1
مواجع,-1
مواكيس,-1
موتم,-1
موحوح,-1
موسخ,-1
موقوف,-1
موكوس,-1
مولتوف,-1
مولوتوف,-1
مومس,-1
موهوم,-1
مؤامر,-1
مؤامرات,-1
مؤامرت,-1
مؤامره,-1
مؤخر,-1
مؤذ,-1
مؤذي,-1
مؤرف,-1
مؤسف,-1
مؤلم,-1
مياعه,-1
ميحسش,-1
ميسؤس,-1
ميشرفنيش,-1
ميلزمنيش,-1
نادم,-1
ناسي,-1
ناقص,-1
ناهب,-1
نايكاك,-1
نباح,-1
نبح,-1
نبطل,-1
نبك,-1
نبكي,-1
نتأمص,-1
نتبعزق,-1
نتجاهل,-1
نتحبس,-1
نتحبسو,-1
نتحرق,-1
نتحملك,-1
نتخاذل,-1
نتخاصم,-1
نتخانق,-1
نتخرس,-1
نتخزوق,-1
نتخض,-1
نتخطف,-1
نتراجع,-1
نترب,-1
نتربي,-1
نترحم,-1
نتردد,-1
نتريق,-1
نتسجن,-1
نتسحل,-1
نتسول,-1
نتش,-1
نتشتم,-1
نتشرد,-1
نتشل,-1
نتشلح,-1
نتشملل,-1
نتصاب,-1
نتطاول,-1
نتظاهر,-1
نتظلم,-1
نتعارض,-1
نتعاطوها,-1
نتعدم,-1
نتعذب,-1
نتعر,-1
نتعرض,-1
نتعقب,-1
نتقمص,-1
نتكتم,-1
نتكسف,-1
نتلسع,-1
نتلم,-1
نتمسح,-1
نتن,-1
نتناقض,-1
نتناك,-1
نتنح,-1
نتنفخ,-1
نتنكر,-1
نتنيل,-1
نتهان,-1
نتهد,-1
نتهم,-1
نتواطأ,-1
نتوب,-1
نتوكس,-1
نجادل,-1
نجاس,-1
نجس,-1
نجسس,-1
نجسه,-1
نجوع,-1
نحارب,-1
نحاسب,-1
نحاكم,-1
نحاكمك,-1
نحبس,-1
نحتج,-1
نحترق,-1
نحتقر,-1
نحذر,-1
نحرق,-1
نحرم,-1
نحرمو,-1
نحزن,-1
نحس,-1
نحسد,-1
نحسس,-1
نحشر,-1
نحطم,-1
نحقتر,-1
نحيتك,-1
نخازل,-1
نخاف,-1
نخالف,-1
نخبط,-1
نخجل,-1
نخدع,-1
نخذل,-1
نخذلكم,-1
نخرب,-1
نخرس,-1
نخرص,-1
نخزي,-1
نخسر,-1
نخشي,-1
نخطء,-1
نخطيء,-1
نخطئ,-1
نخلص,-1
نخلصكم,-1
نخلف,-1
نخوف,-1
نخون,-1
نخونو,-1
نخيف,-1
ندام,-1
ندبحو,-1
ندد,-1
ندعي,-1
ندم,-1
ندمان,-1
نذبح,-1
نذل,-1
نربوك,-1
نربي,-1
نربيك,-1
نرتجف,-1
نرحل,-1
نردح,-1
نرعب,-1
نرفزه,-1
نرفض,-1
نركبك,-1
نرموك,-1
نرن,-1
نريق,-1
نزايد,-1
نزرط,-1
نزع,-1
نزعل,-1
نزعلك,-1
نزعلو,-1
نزف,-1
نزلزل,-1
نزهق,-1
نزوغ,-1
نزوه,-1
نزيح,-1
نزيط,-1
نساي,-1
نسب,-1
نستبعد,-1
نستجعل,-1
نستخف,-1
نستدرج,-1
نستسلم,-1
نستغل,-1
نستغيث,-1
نستنجد,-1
نستنزف,-1
نستهزء,-1
نسجن,-1
نسجنو,-1
نسخر,-1
نسرق,-1
نسف,-1
نسفك,-1
نسفل,-1
نسقط,-1
نسكت,-1
نسوان,-1
نسوانجي,-1
نسي,-1
نسيئ,-1
نشتت,-1
نشتم,-1
نشتمو,-1
نشتموك,-1
نشجب,-1
نشد,-1
نشكم,-1
نشل,-1
نشيع,-1
نشيل,-1
نصاب,-1
نصب,-1
نصتدم,-1
نصرخ,-1
نصمت,-1
نصيح,-1
نضر,-1
نضرب,-1
نضربك,-1
نضطر,-1
نضعف,-1
نضللو,-1
نضيع,-1
نضييع,-1
نطع,-1
نطعن,-1
نطغي,-1
نطهر,-1
نظلم,-1
نعاج,-1
نعارض,-1
نعاقب,-1
نعاقبه,-1
نعال,-1
نعترض,-1
نعتقل,-1
نعتقلو,-1
نعجه,-1
نعدم,-1
نعذب,-1
نعر,-1
نعرص,-1
نعري,-1
نعريك,-1
نعزل,-1
نعصب,-1
نعصي,-1
نعط,-1
نعور,-1
نعيط,-1
نغتصب,-1
نغرق,-1
نغش,-1
نغضب,-1
نغلط,-1
نغللط,-1
نغور,-1
نغيب,-1
نفاق,-1
نفاقك,-1
نفتت,-1
نفتر,-1
نفتن,-1
نفخ,-1
نفر,-1
نفسد,-1
نفسنه,-1
نفشخ,-1
نفشخك,-1
نفشل,-1
نفضح,-1
نفضحك,-1
نفلس,-1
نفور,-1
نقاضي,-1
نقاوم,-1
نقبض,-1
نقتحم,-1
نقتص,-1
نقتل,-1
نقتلك,-1
نقتلو,-1
نقرف,-1
نقص,-1
نقصر,-1
نقض,-1
نقضي,-1
نقطني,-1
نقع,-1
نقلعوك,-1
نقيل,-1
نكاه,-1
نكايه,-1
نكبه,-1
نكتم,-1
نكد,-1
نكدب,-1
نكدس,-1
نكذب,-1
نكذبو,-1
نكره,-1
نكرهك,-1
نكسر,-1
نكسرو,-1
نكسف,-1
نكسه,-1
نكشف,-1
نكفر,-1
نلجا,-1
نلجمك,-1
نلطش,-1
نلعن,-1
نلعنك,-1
نلقن,-1
نلم,-1
نلوم,-1
نليف,-1
نماطل,-1
نمسخرك,-1
نمنع,-1
نمهل,-1
نميمه,-1
ننافق,-1
ننبح,-1
ننتحر,-1
ننتحل,-1
ننتقد,-1
ننتقم,-1
ننتن,-1
ننتنيل,-1
ننحني,-1
ننخرس,-1
نندم,-1
ننرفز,-1
ننزع,-1
ننزف,-1
ننسا,-1
ننسحب,-1
ننسو,-1
ننضرب,-1
ننفخ,-1
ننفضح,-1
ننكر,-1
ننكرها,-1
ننهزم,-1
ننهش,-1
ننيكك,-1
ننييكك,-1
نهاجم,-1
نهان,-1
نهب,-1
نهتك,-1
نهد,-1
نهدد,-1
نهدر,-1
نهدم,-1
نهرب,-1
نهرتل,-1
نهزيء,-1
نهزئ,-1
نهش,-1
نهك,-1
نهمل,-1
نهيج,-1
نهين,-1
نهييص,-1
نواح,-1
نوجع,-1
نولع,-1
نولول,-1
نيك,-1
نيله,-1
نيمين,-1
هااتشل,-1
هابط,-1
هابل,-1
هاتشل,-1
هاتشلل,-1
هاجم,-1
هاجمو,-1
هارب,-1
هاردلك,-1
هاشتمك,-1
هان,-1
هايطلق,-1
هايف,-1
هباب ,-1
هبط,-1
هبل,-1
هبله,-1
هبوط,-1
هتتاجل,-1
هتتحسب,-1
هتتضرب,-1
هتتقتع,-1
هتحشر,-1
هتختف,-1
هتخربو,-1
هتخلع,-1
هتخوفو,-1
هتزعل,-1
هتزهق,-1
هتسكتو,-1
هتش,-1
هتشتغل,-1
هتشتكي,-1
هتشتم,-1
هتضيع,-1
هتعنس,-1
هتعيل,-1
هتقع,-1
هتك,-1
هتكرهك,-1
هتموت,-1
هتولع,-1
هجايص,-1
هجر,-1
هجس,-1
هجص,-1
هجم,-1
هجوم,-1
هدام,-1
هدد,-1
هددني,-1
هدر,-1
هدم,-1
هذيان,-1
هراء,-1
هرب,-1
هربان,-1
هربت,-1
هربو,-1
هربوا,-1
هرتل,-1
هرتله,-1
هرجل,-1
هروب,-1
هرول,-1
هروها,-1
هري,-1
هزء,-1
هزأ,-1
هزق,-1
هزل,-1
هزم,-1
هزى,-1
هزيمه,-1
هزئ,-1
هسهس,-1
هشتم,-1
هضيع,-1
هطق,-1
هطل,-1
هعنس,-1
هلاك,-1
هلس,-1
هلفطه,-1
هلك,-1
همج,-1
همجي,-1
همد,-1
هموت,-1
همومك,-1
هنخسر,-1
هنخلع,-1
هنشتكي,-1
هنشتم,-1
هنضيع,-1
هنفشل,-1
هنكدب,-1
هننفخك,-1
هنيكك,-1
هوان,-1
هواهم,-1
هوج,-1
هيافه,-1
هيتناك,-1
هيج,-1
هيجان,-1
هيحاسبك,-1
هيخسر,-1
هيخلع,-1
هيربيك,-1
هيزهق,-1
هيسجنن,-1
هيسقط,-1
هيسموك,-1
هيشلني,-1
هيص,-1
هيصه,-1
هيضرب,-1
هيضيعو,-1
هيعنسوا,-1
هيفتش,-1
هيقبضك,-1
هيقتل,-1
هيندم,-1
هينيكك,-1
هيهرب,-1
هييس,-1
واسطه,-1
واطي,-1
واهيه,-1
وجع,-1
وحش,-1
وحشيه,-1
سر,-1
ورط,-1
وساختك,-1
وساخه,-1
وسخ,-1
وسوس,-1
وضاعه,-1
وضيع,-1
وغد,-1
وقاحه,-1
وقح,-1
وقحه,-1
وكس,-1
وكسه,-1
نيله,-1
ولع,-1
ولعه,-1
ولول,-1
وهم,-1
ياض,-1
ياع,-1
ياكلاب,-1
يالهوي,-1
يامنافقين,-1
يانهاري ,-1
يائس,-1
يأس,-1
يبضن,-1
يبطل,-1
يبكي,-1
يبيح,-1
يتائمر,-1
يتأمص,-1
يتبرء,-1
يتبرأ,-1
يتبرؤن,-1
يتبعزق,-1
يتجاهل,-1
يتحبس,-1
يتحبسو,-1
يتحبسوا,-1
يتحرق,-1
يتحسر,-1
يتحشر,-1
يتحملك,-1
يتخاذل,-1
يتخاصم,-1
يتخرس,-1
يتخزوق,-1
يتخض,-1
يتخطف,-1
يتخلي,-1
يتخمد,-1
يتراجع,-1
يتربي,-1
يترحم,-1
يتردد,-1
يتركوا,-1
يتريق,-1
يتسجن,-1
يتسحل,-1
يتسلح,-1
يتسول,-1
يتشتم,-1
يتشرد,-1
يتشل,-1
يتشلح,-1
يتشملل,-1
يتصاب,-1
يتطاول,-1
يتظاهر,-1
يتظاهرون,-1
يتظلم,-1
يتعارض,-1
يتعاطوها,-1
يتعبونا,-1
يتعجرف,-1
يتعدم,-1
يتعذب,-1
يتعر,-1
يتعرض,-1
يتعظوا,-1
يتعقب,-1
يتعور,-1
يتف,-1
يتفرس,-1
يتفنن,-1
يتقاعدوا,-1
يتقبض,-1
يتقتلو,-1
يتقمص,-1
يتكتم,-1
يتكسف,-1
يتلسع,-1
يتلم,-1
يتمسح,-1
يتمسخر,-1
يتناك,-1
يتنح,-1
يتنفخ,-1
يتنكر,-1
يتنيل,-1
يتهان,-1
يتهجر,-1
يتهجم,-1
يتهد,-1
يتهدد,-1
يتهم,-1
يتهومنا,-1
يتواطأ,-1
يتورط,-1
يتورطوا,-1
يتوكس,-1
يجادل,-1
يجبر,-1
يجرح,-1
يجرو,-1
يجسس,-1
يجهض,-1
يجوع,-1
يحارب,-1
يحاسب,-1
يحاصر,-1
يحاكمك,-1
يحبس,-1
يحبط,-1
يحتج,-1
يحترق,-1
يحتقر,-1
يحتل,-1
يحذر,-1
يحرق,-1
يحرم,-1
يحرمنا,-1
يحرمو,-1
يحزن,-1
يحسد,-1
يحسس,-1
يحشر,-1
يحطم,-1
يحقتر,-1
يحك,-1
يخاف,-1
يخبط,-1
يخترق,-1
يختزل,-1
يخجل,-1
يخخ,-1
يخدر,-1
يخدع,-1
يخدك,-1
يخذل,-1
يخذلكم,-1
يخرب,-1
يخربيت,-1
يخربيتك ,-1
يخرس,-1
يخرص,-1
يخز,-1
يخزل,-1
يخسر,-1
يخش,-1
يخشي,-1
يخطء,-1
يخطيء,-1
يخطئ,-1
يخلص,-1
يخلصكم,-1
يخلف,-1
يخوف,-1
يخون,-1
يخونك,-1
يخونو,-1
يخيف,-1
يدبحو,-1
يدبحوا,-1
يدبلر ,-1
يدعي,-1
يدمر,-1
يدمن,-1
يدهس,-1
يذبح,-1
يراق,-1
يربوك,-1
يربيك,-1
يرتبك,-1
يرتجف,-1
يرحل,-1
يردح,-1
يرعب,-1
يرفض,-1
يركب,-1
يركع,-1
يرموك,-1
يرن,-1
يريق,-1
يزايد,-1
يزرط,-1
يزعل,-1
يزعلك,-1
يزعلو,-1
يزلزل,-1
يزهق,-1
يزوغ,-1
يزيح,-1
يزيط,-1
يزيل,-1
يسب,-1
يستاهلوا,-1
يستبعد,-1
يستبيح,-1
يستبيحو,-1
يستحمل,-1
يستخف,-1
يستدرج,-1
يستسلم,-1
يستظرف ,-1
يستغفل,-1
يستغل,-1
يستفز,-1
يستفزك,-1
يستفزوكم,-1
يستفزونك,-1
يستكرد,-1
يستنزف,-1
يستنكر,-1
يستهبل,-1
يستهبلوش,-1
يستهتر,-1
يستهزء,-1
يسجن,-1
يسجنو,-1
يسحلونك,-1
يسخر,-1
يسخن,-1
يسرق,-1
يسرقو,-1
يسفك,-1
يسفل,-1
يسقط,-1
يسقطو,-1
يسيئ,-1
يسئ,-1
يشتت,-1
يشتكون,-1
يشتم,-1
يشتمو,-1
يشتموك,-1
يشجب,-1
يشرذم,-1
يشعل,-1
يشكم,-1
يشل,-1
يشوه,-1
يشوهو,-1
يشيل,-1
يصتدم,-1
يصرخ,-1
يصفع,-1
يصيب,-1
يصيح,-1
يصيع,-1
يضر,-1
يضربك,-1
يضطر,-1
يضللو,-1
يضيع,-1
يضييع,-1
يطعن,-1
يطغي,-1
يطفش,-1
يظلم,-1
يعاتبكك,-1
يعارض,-1
يعاقب,-1
يعاقبك,-1
يعاقبكم,-1
يعاقبه,-1
يعتدوا,-1
يعترض,-1
يعترف,-1
يعتقل,-1
يعتقلو,-1
يعدم,-1
يعذب,-1
يعذبو,-1
يعر,-1
يعرص,-1
يعري,-1
يعريك,-1
يعزل,-1
يعزلوا,-1
يعصب,-1
يعصي,-1
يعط,-1
يعل,-1
يعور,-1
يعورو,-1
يعيط,-1
يعيق,-1
يغتاب,-1
يغتصب,-1
يغرق,-1
يغش,-1
يغصبن,-1
يغضب,-1
يغلط,-1
يغللط,-1
يغور,-1
يغيب,-1
يغيظ,-1
يغيظني,-1
يفتت,-1
يفتر,-1
يفتري,-1
يفتن,-1
يفتي,-1
يفر,-1
يفسد,-1
يفشخ,-1
يفشخك,-1
يفشل,-1
يفضح,-1
يفضحك,-1
يفلس,-1
يقاضي,-1
يقبض,-1
يقتحم,-1
يقتص,-1
يقتل,-1
يقتلك,-1
يقتلو,-1
يقحم,-1
يقرف,-1
يقرفك ,-1
يقصر,-1
يقضي,-1
يقلعوك,-1
يقمع,-1
يقهر,-1
يقيل,-1
يكتم,-1
يكدب,-1
يكدس,-1
يكذب,-1
يكذبو,-1
يكر,-1
يكره,-1
يكرهك,-1
يكسر,-1
يكسرو,-1
يكسف,-1
يكفر,-1
يكلك,-1
يكوش,-1
يلجا,-1
يلجمك,-1
يلزقو,-1
يلطش,-1
يلعن,-1
يلعنك,-1
يلم,-1
يليف,-1
يماطل,-1
يمسخرك,-1
يمكر,-1
يمهل,-1
يموت,-1
ينافق,-1
يناقض,-1
ينبح,-1
ينتحر,-1
ينتحل,-1
ينتقد,-1
ينتقم,-1
ينتن,-1
ينتنيل,-1
ينحني,-1
ينخرس,-1
يندد,-1
ينرفز,-1
ينرفزن,-1
ينزع,-1
ينزف,-1
ينسا,-1
ينسحب,-1
ينسو,-1
ينضرب,-1
ينفخ,-1
ينفضح,-1
ينقط,-1
ينكر,-1
ينكرها,-1
ينهب,-1
ينهبو,-1
ينهزم,-1
ينهش,-1
ينيكك,-1
ينييكك,-1
يهاجم,-1
يهان,-1
يهتك,-1
يهد,-1
يهدد,-1
يهدر,-1
يهدم,-1
يهرب,-1
يهرتل,-1
يهزيء,-1
يهزئ,-1
يهش,-1
يهمل,-1
يهود,-1
يهيج,-1
يهيص,-1
يهين,-1
يهييص,-1
يواطء,-1
يوجع,-1
يورط,-1
يوري,-1
يولع,-1
يولعو,-1
يولول,-1
يؤجل,-1
يؤسفني,-1
 راقي,1
 متفائل,1
 متفائله,1
 هنيالك,1
ابتسام,1
ابتسامه,1
ابتسم,1
ابدااع,1
ابداع,1
ابدع,1
ابدعت,1
ابشركم,1
ابهار,1
ابهرت,1
ابهرتني,1
ابوسك,1
اتبسط,1
اتشرفت,1
اتطوع,1
اتفائل,1
اتقان,1
اتقن,1
اتقي,1
اتونس,1
اتونس,1
اثق,1
اجدع,1
اجلال,1
اجمد,1
اجمل,1
احباب,1
احبب,1
احبش,1
احبـك,1
احبكم,1
احبها,1
احترافي,1
احترام,1
احترامك,1
احترم,1
احتضان,1
احتفاء ,1
احرار,1
احسان,1
احسن,1
احسنت,1
احلا,1
احلي,1
احيك,1
احييك,1
اخلاص,1
اخلاق,1
اخوه,1
ادعم,1
ادمنته,1
ارقي,1
اروع,1
اريح,1
ازدهار,1
استبشار,1
استبشر,1
استبشرت,1
استجمام,1
استحسان,1
استحق,1
استفاد,1
استمتع,1
استمتعت,1
استمتعنا,1
استمتع,1
اسطوره,1
اسعدتم,1
اشتاق,1
اشتهيت,1
اشجع,1
اشراف,1
اشطه ,1
اشكر,1
اصيل,1
اطيب ,1
اظرف,1
اعتز,1
اعتزاز,1
اعجاب,1
اعجابي,1
اعجاز,1
اعجبتني,1
اعجبني,1
اعز,1
اعزاز,1
اعشق,1
اعشقك,1
اعشقكم,1
اعظم,1
افتخر,1
افخر,1
افديك,1
افراج,1
افرح,1
افضل,1
اقدر,1
اقوي,1
اكتساح,1
اكرم,1
الالفه,1
الانسجام,1
الاهتمام,1
الاهم,1
الاولي,1
البهجه,1
التزم,1
التسامح ,1
التقوي,1
الثقه,1
الحكمه,1
الحمدالله,1
الذ,1
الرزانه,1
الرضا,1
السلامه,1
الصداره,1
الطعامه,1
الملك,1
النعيم,1
الهناء,1
امان,1
امانته,1
امانه,1
امتع,1
امتنان,1
امتياز,1
امل,1
امن,1
امين,1
 عاشق,1
قه,1
انبسط,1
انبسطت,1
انبسطتم,1
انبسطوا,1
انبهرت,1
انتصار,1
انتصر,1
انتعاش,1
انجاز,1
انجح,1
انجزتم,1
انساني,1
انسب,1
انستم,1
انسجام,1
انشراح,1
انصار,1
انصر,1
انظف,1
انيق,1
انيقه,1
اهتمام,1
اهلا,1
اهم,1
اهنيك,1
اوريجينال,1
اؤيد,1
اؤيدك,1
ايجاب,1
ايجابي,1
ايدتم,1
ايقونه,1
ايمان,1
ايمانك,1
إبداعي,1
إرتياح,1
إطراء,1
أحبابك,1
أسطوري,1
أسطووره,1
باحبك,1
باحترمك,1
بارع,1
بارك,1
بالإيجاب,1
بالتوفيق,1
بالسلامه,1
بانبسط,1
باهي,1
بتجنن,1
بتحبك,1
بتحبنا,1
بتحترم,1
بتحترمك,1
بتحلي,1
بتزغرط,1
بتضحك,1
بتفهم,1
بتناضل,1
بتنجح,1
بتهزر,1
بحبك,1
بحبكو,1
بحبه,1
بحبها,1
بحبو ,1
بحبوا,1
بحبوحه,1
بحترمك,1
بحترمو,1
بدعت,1
بدعتم,1
بديع,1
بر,1
براعه,1
برافو,1
برع,1
بركات,1
بركاتك,1
بركه,1
برنس,1
برنسيسه,1
بريق,1
بريئه,1
برئ,1
بساله,1
بشاره,1
بطل,1
بطولي,1
بعزك,1
بعشق,1
بعنايه,1
راقي,1
بلور,1
بنحب,1
بنحبك,1
بهجه,1
بهيج,1
بورك ,1
بوركتم,1
بوس,1
بوسه,1
بيحب,1
بيحترمها,1
بيرفكت,1
بيضحك,1
بيعجبني,1
بيهزر,1
تالق,1
تالقت,1
تاييد,1
تباهي,1
تبدع,1
تتربي,1
تتفنن,1
تتمتع,1
تتوصفش,1
تثق,1
تجتهد,1
تحب,1
تحبك,1
تحترم,1
تحتفل,1
تحتفي,1
تحرسك,1
تحرصك,1
تحسن,1
تحفز,1
تحفظ,1
تحفظك,1
تحففه,1
تحفه,1
تحمي,1
تحميك,1
تحميني,1
تحن,1
تحي,1
تحيا,1
تحياتي,1
تحيك,1
تحيني,1
تحيه,1
تدعم,1
تدعمك,1
تدعمني,1
تربح,1
ترتاح,1
ترتقي,1
ترحب,1
ترحم,1
ترحمك,1
ترحمه,1
ترشد,1
ترفيه,1
ترياق,1
تريحك,1
تريحني,1
تسامح,1
تستجم ,1
تستحي,1
تستغفر,1
تستفيد,1
تستقر,1
تستمتع,1
تسعد,1
تسعدك,1
تسعدنا,1
تسعدني,1
تسلملي,1
تسلموا,1
تسلمي,1
تسهم,1
تسهيل,1
تشاور,1
تشجيع,1
تشرف,1
تشرفت ,1
تشفيك,1
تشكر,1
تشكرك,1
تصبر,1
تصح,1
تصد,1
تصدق,1
تصفيق,1
تصلح,1
تضامن,1
تضحك,1
تطمح,1
تطمئن,1
تطهر,1
تطهير,1
تطوير,1
تعاطف,1
تعانق,1
تعاون,1
تعتذر,1
تعجبن,1
تعجبني,1
تعزك,1
تعشق,1
تعفف,1
تعفو,1
تعقل,1
تعمير,1
تعيش,1
تغيير,1
تفاءل,1
تفاني,1
تفاؤل,1
تفتح,1
تفديك,1
تفرح,1
تفرحنا,1
تفلح,1
تفهمك,1
تقبل,1
تقدرك,1
تقدم,1
تقدير,1
تقويكي,1
تقي,1
تكاتف,1
تكرم,1
تكرمك,1
تكرمني,1
تكرمه,1
تكسب,1
تكفل,1
تلتزم,1
تمتع ,1
تمدح,1
تميز,1
تناغم,1
تنتصر,1
تنجح,1
تنصر,1
تنصرك,1
تنصرني,1
تنصره,1
تنصرهم,1
تنصف,1
تنعشني,1
تنعم,1
تنعمني,1
تنقذني,1
تنهض,1
تنور,1
تهاني,1
تهبل,1
تهدي,1
تهديك,1
تهنيني,1
تهنئ,1
تهنئني,1
تواب,1
تواضع,1
تواضعا,1
توافق,1
توحفه,1
تودد,1
توضيح,1
توفقك,1
توفيق,1
تونسنا,1
تؤتمن,1
تؤنسني,1
تؤيد,1
تؤيدني,1
ثقه,1
جااامد,1
جاامد,1
جاذبيه,1
جامد,1
جامدين,1
جامل,1
جائزه,1
جبار,1
جدع,1
جدعان,1
جدعنه,1
جدعه,1
جدير,1
جذاب,1
جرأه,1
جريء,1
جريئه,1
جليل,1
جمال,1
جمالك,1
جمالي,1
جماليات,1
جميل,1
جمييل,1
جناان,1
جنات,1
جهبز ,1
جيد,1
حاسم,1
حاضر,1
حامي,1
حب,1
حبايب,1
حبايبك,1
حبتها,1
حبتهم,1
حبتيك,1
حبك,1
حبه,1
حبيايبي,1
حبيب,1
حبيبت,1
حبيبتي,1
حبيبك,1
حبيبي,1
حبيت,1
حبيتك ,1
حدق,1
حر,1
حرا,1
حرر,1
حريف,1
حريه,1
حساس,1
حشمتها,1
حشمه,1
حصيف,1
حضن,1
حضنك,1
حظه,1
حفز,1
حفظ,1
حق,1
حقاني,1
حقوقيه,1
حكيم,1
حلاوتك,1
حلاوه,1
حلو,1
حلوتك,1
حلوه,1
حلوين,1
حليم,1
حماسه,1
حمايه,1
حمش,1
حميد,1
حنان,1
حنين,1
حنينه,1
حياد,1
حيادي,1
حياديه,1
حيويه,1
خارق,1
خاشع,1
خاشعه,1
خجل,1
خراشي,1
خرافي,1
خسرناك,1
خفيفه,1
خلاب,1
خلق,1
خلوق,1
خورافيه,1
خيالي,1
خير,1
دافئ,1
دعابه,1
دعم,1
دقيق,1
دكر,1
دماثه,1
ذكاء,1
ذكي,1
ذهل,1
ذوق,1
راائع,1
راحه,1
راسخ,1
راقص,1
رايق,1
رائد,1
رائع,1
رائعه,1
ربح,1
رجوله,1
رحب,1
رحم,1
رحمه,1
رحيم,1
ررووعه,1
رشاقه,1
رشد,1
رشيق,1
رضا,1
رضاء,1
رعايه,1
رفيق,1
رقصك,1
رقصن,1
رقه,1
رقيق,1
رقيقه,1
قلبي,1
روش,1
روعه,1
روقان,1
روقني,1
رومانتيكيه,1
رومانسي,1
رووعه,1
ريادي,1
رياضي,1
زعيم,1
زفه,1
زقطط,1
زكي,1
سالم,1
ساند,1
ساندتم,1
سبشل,1
ستنتصر,1
ستهم,1
سخي,1
سرور,1
سعاده,1
سعدت,1
سعيد,1
سكينه,1
سلام,1
سلامات,1
سلامتك,1
سلم,1
سليم,1
سماح,1
سماحه,1
سمسم,1
سميع,1
سند,1
سننتصر,1
سهل,1
شابوا,1
شابوه,1
شامخ,1
شامل,1
شجاع,1
شجاعه,1
شجع,1
شجعان,1
شجعتم,1
شرعي,1
شرف,1
شرفت,1
شرفتم,1
شريف,1
شعبيه,1
شفاء,1
شكر,1
شكرا,1
شمخ,1
شهامه,1
شهم,1
شهي,1
شياكه,1
شيق,1
شيك,1
صاحب,1
صاحي,1
صادق,1
صاف,1
صافي,1
صالح,1
صالحه,1
صائب,1
صبر,1
صبرتم,1
صبور,1
صبوره,1
صح,1
صحبه,1
صحي,1
صحيح,1
صحيحه,1
صحيه,1
صدق,1
صدقه,1
صدوق,1
صديق,1
صراحه,1
صريح,1
صغننه,1
صفق,1
صقفه,1
صلح,1
صلحتم,1
صمود,1
صوفي,1
ضحك,1
ضحكه,1
ضمير,1
طازج,1
طاهر,1
طريف,1
طمأن,1
طمن,1
طمنتم,1
طموح,1
طمئن,1
طهاره,1
طهر,1
طهرتم,1
طهور,1
طور,1
طيب,1
طيبه,1
طيوب,1
ظريف,1
عاالمي,1
عاجب,1
عاجبك,1
عاجبني,1
عاجبهم,1
عادل,1
عاش,1
عاشت,1
عاشق,1
عافيه,1
عاقل,1
عالمي,1
عالي,1
عامر,1
عبقري,1
عبقريه,1
عثل,1
عثول,1
عجبتني,1
عجيب,1
عجيبني,1
عداله,1
عدل,1
عدلا,1
عروس,1
عريق,1
عزه,1
عزوه,1
عزيز,1
عزيمه,1
عسل,1
عسليه,1
عسول,1
عشق,1
عشقي,1
عطاء,1
عطف,1
عطوف,1
عظم,1
عظمه,1
عظيم,1
عفه,1
عفو,1
عفوي,1
عفيف,1
عقبال ,1
عقبالك,1
عقل,1
عقلاء,1
عقلاني,1
عناق,1
عيد,1
غالي,1
غفور,1
غلابه,1
غني,1
فاتن,1
فاتنتي,1
فاتنه,1
فاخر,1
فاز,1
فاضل,1
فاعليه,1
فخامه,1
فخر,1
فخم,1
فخور,1
فخيمه,1
فداء,1
فرج,1
فرح,1
فرحان,1
فرحت,1
فرحتم,1
فرحتي,1
فرحه,1
فرسان,1
فشخره,1
فضل,1
فضله,1
فطنه,1
فظيع,1
فعال,1
فكاهي,1
فل,1
فلح,1
فله,1
فنان,1
فني,1
فهم,1
قادر,1
قدوتي,1
قدوس,1
قدوه,1
قدير,1
قديس,1
قمر,1
قمور,1
قميل,1
قنوع,1
قوا,1
قوه,1
قوي,1
قيم,1
قيمه,1
كاريزما,1
كتكوت,1
كتوم,1
كراما,1
كرامه,1
كرم,1
كريم,1
كسب,1
كفء,1
كفاءه,1
كفائه,1
كفل,1
كويس,1
كويسه,1
كياسه,1
كيوت,1
لابنعاير,1
لاعيبه,1
لامع,1
لايفوتكم,1
لايقاوم,1
لايك,1
لذه,1
لذوذ,1
لذيذ,1
لذيذه,1
لزيز,1
لزيزه,1
لطيف,1
لعيب,1
لوفف,1
لول,1
لياقه,1
مُفرح,1
قصرت,1
قصرتش,1
مابيخدش,1
ماتزعليش,1
ماقصرت,1
ماقصرتش,1
ماهر,1
مبارك,1
مباركه,1
مبتخفش,1
مبتسم,1
مبتكر,1
مبتهج,1
مبدع,1
مبدعه,1
مبروك,1
مبرووك,1
مبسوط,1
مبشر,1
مبهج,1
مبهر,1
متالق,1
متانق,1
متحضر,1
متحمس,1
متحورش,1
متخفيش,1
متدين,1
متذوق,1
متربي,1
متزعلش,1
متزعليش,1
متزن,1
متسامح,1
متشكرين,1
متشيك,1
متصالح,1
متضامن,1
متعاطف,1
متعاون,1
متعتي,1
متعفف,1
متعه,1
متفق عليه,1
متفهم,1
متفوق,1
متقن,1
متكامل,1
متكتكت,1
متلهف,1
متمزج,1
متمكن,1
متميز,1
متنوع,1
متوازن,1
متواضع,1
متوكل,1
متيأسش,1
مثابر,1
مثالي,1
مثقف,1
مجامله,1
مجتهد,1
مجد,1
مجدع,1
مجديه,1
مجيد,1
محارب,1
محايد,1
محب,1
محبه,1
محبوب,1
محترف,1
محترفين,1
محترم,1
محظوظ,1
محنك,1
محنكه,1
مخترع,1
مختلف,1
مخضرم ,1
مخلص,1
مداح,1
مدرعم,1
مدروس,1
مدفيني,1
مدهش,1
مذهل,1
مرتاح,1
مرتب,1
مرح,1
مرحبا,1
مز,1
مزأطط,1
مزدهر,1
مزز,1
مزئطط,1
مساعده,1
مسالم,1
مسامحينك,1
مسانده,1
مستجم,1
مستحسن,1
مستحق,1
مستقيم,1
مستمتع,1
مستمزج,1
مستنضف,1
مستنضفهم,1
مسرور,1
مسل,1
مسلي,1
مسليني,1
مسليه,1
-هتموت,1
مشرف,1
مشرق,1
مشكور,1
مشوق,1
مصون,1
مضحك,1
مطمئن,1
مطهر,1
مطيع,1
مظبوط,1
معجب,1
معجبه,1
معجبيك,1
معشوق,1
معطر,1
مغامر,1
مغامره,1
مغوار,1
مفخره,1
مفرح,1
مفعم,1
مفكر,1
مفيد,1
مقبول,1
مقبولا,1
مقدام,1
مقنع,1
مكافأه,1
مكافئه,1
مكرم,1
مكمل,1
ملاءمه,1
ملاك,1
ملائكي,1
ملائكيه,1
ملتزم,1
ملحلح ,1
ملعلع,1
ملهم,1
ممتاز,1
ممتازه,1
ممتع,1
ممتن,1
مميز,1
مناسب,1
مناضل,1
منسجم,1
منصف,1
منطقي,1
منعش,1
منقذ,1
منكسفهوش,1
منمق,1
منور,1
منيح,1
مهاره,1
مهذب,1
مهم,1
مهيب,1
موثوق,1
موده,1
موضوعي,1
موفق,1
موهوب,1
مؤازرة ,1
مؤثر,1
مؤدب,1
مؤمن,1
مؤيد,1
ميرسي,1
ميزه,1
نابغ,1
ناجح,1
ناجحه,1
نادر,1
نارك,1
ناصح,1
ناصر,1
ناضج,1
ناضل,1
نامي,1
نبارك,1
نبرع,1
نبسط,1
نبل,1
نبيل,1
نتفق,1
نثق,1
نجاح,1
نجاحك,1
نجتهد,1
نجح,1
نجم,1
نحبك,1
نحبوك,1
نحترم,1
نحتفل,1
نحرسك,1
نحفز,1
نحفظك,1
نحمي,1
نحميك,1
نحي,1
نحيا,1
نحيك,1
نحيه,1
نخوه,1
ندافع,1
ندعم,1
ندعمه,1
نربح,1
نرتاح,1
نرحب,1
نرحم,1
نرحمك,1
نرحمه,1
نريح,1
نريحك,1
نزاهه,1
نزهه,1
نزيه,1
نسامح,1
نستحي,1
نستغفر,1
نستفيد,1
نستقر,1
نستمتع,1
نسعدك,1
نشاور,1
نشكر,1
نشكرك,1
نشوه,1
نشيط,1
نصبر,1
نصدق,1
نصر,1
نصرتم,1
نصف,1
نصلح,1
نضحك,1
نضف,1
نضيف,1
نطمئن,1
نظف,1
نظيف,1
نظيفه,1
نعتذر,1
نعشق,1
نعفو,1
نعمه,1
نعيم,1
نفتخر,1
نفتقد,1
نفديك,1
نفع,1
نفلح,1
نفهم,1
نفهمك,1
نفيس,1
نقاء,1
نقبل,1
نقدرك,1
نقي,1
نكرم,1
نكرمك,1
نكرمه,1
نكسب,1
نكفل,1
نلتزم,1
ننتصر,1
ننجح,1
ننصر,1
ننصره,1
ننصرهم,1
ننهض,1
نهض,1
نهنئ,1
نوافق,1
نور,1
نورت,1
نورتم,1
نوفقك,1
نؤيد,1
هاايل,1
هادف,1
هادي,1
هادئ,1
هايل,1
هبه,1
هتنجح,1
هتوحشنا,1
هتوحشونا,1
هداف,1
همه,1
هنيئالكم ,1
هنئ,1
هيرحمنا,1
هيكسب ,1
هينجح,1
هييح,1
هييييييح,1
وااو,1
واثق,1
واحشني,1
العطاء,1
واضح,1
واعي,1
وافر,1
واو,1
واوو,1
وحشتنا,1
وحشتني,1
وحشتونا,1
وحشتوني,1
وحشتيني,1
ود,1
ودود,1
ودي,1
وردي,1
ورع,1
ورعه,1
وسطيه,1
وسيم ,1
وضح,1
وطني,1
وطنيه,1
وفاء,1
وفق,1
ولاء,1
وئام,1
هلا,1
ياحبيبتي        ,1
ياحبيبي        ,1
يبارك,1
يبتسم,1
يبتهج,1
يبدع,1
يتفق,1
يتقن,1
يتمم,1
يتوب,1
يثق,1
يجاملك,1
يجتهد,1
يحالف,1
يحبك,1
يحبوك,1
يحترف,1
يحترم,1
يحتفل,1
يحتفي,1
يحرسك,1
يحرصك,1
يحظك,1
يحفز,1
يحفضك,1
يحفظ,1
يحفظك,1
يحققلك,1
يحمي,1
يحميك,1
يحميكي,1
يحميني,1
يحن,1
يحيا,1
يحيك,1
يحيني,1
يحيه,1
يختارلك,1
يخترع,1
يخلي,1
يخليك,1
يخليلك,1
يخلينا,1
يدافع,1
يدعم,1
يدعمك,1
يدعمني,1
يدعمه,1
يديم,1
يربح,1
يرتاح,1
يرحب,1
يرزقك,1
يرضي,1
يريح,1
يريحني,1
يزكوا,1
يسامح,1
يستجم,1
يستفيد,1
يستقر,1
يستمتع,1
يسر,1
يسعد,1
يسعدك,1
يسعدنا,1
يسعدني,1
يسهم,1
يشرف,1
يشكر,1
يشكرك,1
يشيد,1
يصح,1
يصدق,1
يصلح,1
يصون,1
يضحك,1
يطمنك,1
يطمئن,1
يطهر,1
يعافيك,1
يعجبن,1
يعجبني,1
يعزك,1
يعشق,1
يعفو,1
يعقل,1
يغنيك,1
يغنيلي,1
يفرح,1
يفلح,1
يفهمك,1
يفيد,1
يقبل,1
يقدرك,1
يقدركم,1
يقويكي,1
يكرم,1
يكرمك,1
يكرمني,1
يكرمه,1
يكسب,1
يكفل,1
يلتزم,1
يليق,1
يمم,1
ينتصر,1
ينجح,1
ينصر,1
ينصرك,1
ينصرني,1
ينصره,1
ينصرهم,1
ينصف,1
ينعش,1
ينعشني,1
ينعم,1
ينعمني,1
ينقذ,1
ينقذني,1
ينهض,1
ينور,1
يهنيكي,1
يهنيني,1
يهنييك,1
يهنئ,1
يهنئني,1
يوافق,1
يوفق,1
يوفقك,1
يوفقكك,1
يؤتمن,1
يؤمن,1
يؤنس,1
يؤنسني,1
يؤيد,1
يؤيدني,1
